Workbook

Sheet ReadMe
B2: Telecom Service Ticket Analytics — Data Model
B3: Sheets in this workbook
B4: Dim_Plan | C4: 15 mobile plans — Prepaid, Postpaid, and Corporate tiers with target customer segment
B5: Dim_Region | C5: 15 regions across Bangladesh divisions (Dhaka, Chattogram, Khulna, Rajshahi, Sylhet, Barishal, Rangpur, Mymensingh), urban/rural area type
B6: Dim_ServiceType | C6: 15 complaint categories (Network, Billing, SIM, Data Service, Value Added Service, Roaming, Customer Service) each with its own SLA_Hours target
B7: Dim_Agent | C7: 15 support agents across Network/Billing/Technical/Customer Care/SIM & Porting teams
B8: Dim_Date | C8: Calendar table, FY2025 (Jan 1 - Dec 31), 365 rows — one per day
B9: Fact_Ticket | C9: 1,000 service tickets spanning the full lifecycle: Raised -> Assigned -> Resolved -> Closed. Includes in-flight (pending) tickets as of the snapshot date-time above.
B11: Why some fact rows have blank date-times
B12: 5% of rows (50) are stuck unassigned — only RaisedDateTime is filled. TicketStatus = 'Open (Unassigned)'.
B13: 10% of rows (100) are assigned but not yet resolved — AssignedDateTime exists, ResolvedDateTime and ClosedDateTime are blank. TicketStatus = 'In Progress'.
B14: 85% of rows (850) are fully closed. TicketStatus = 'Closed'.
B16: Columns built in for this kind of analysis
B17: Pending / SLA logic | C17: TicketStatus (Open/In Progress/Resolved/Closed) and SLABreachFlag (actual resolution time vs. that ServiceType's SLA_Hours in Dim_ServiceType).
B18: Bottleneck across stages | C18: AssignmentDelayHours, ResolutionTimeHours, TotalCycleTimeHours — each stage timed separately in hours (telecom SLAs are hour-based, not day-based).
B19: Comparative analysis | C19: PlanID / RegionID / ServiceTypeID / AgentID keys let you pivot the same measures by plan, region, complaint type, or agent/team.
B20: Operational decision making | C20: CustomerSatisfactionScore and ReopenedFlag translate resolution speed into a customer-experience and rework signal.

Sheet Dim_Plan
A1: PlanID | B1: PlanName | C1: PlanType | D1: MonthlyFeeBDT | E1: DataAllowanceGB | F1: VoiceMinutes | G1: TargetSegment
A2: 1 | B2: Prepaid Basic | C2: Prepaid | D2: 99 | E2: 2 | F2: 200 | G2: Mass Market
A3: 2 | B3: Prepaid Value | C3: Prepaid | D3: 199 | E3: 6 | F3: 500 | G3: Mass Market
A4: 3 | B4: Prepaid Power | C4: Prepaid | D4: 349 | E4: 15 | F4: 1000 | G4: Youth
A5: 4 | B5: Prepaid Unlimited Lite | C5: Prepaid | D5: 499 | E5: 25 | F5: 2000 | G5: Youth
A6: 5 | B6: Postpaid Smart | C6: Postpaid | D6: 599 | E6: 20 | F6: 1500 | G6: Professional
A7: 6 | B7: Postpaid Premium | C7: Postpaid | D7: 999 | E7: 40 | F7: 3000 | G7: Professional
A8: 7 | B8: Postpaid Family | C8: Postpaid | D8: 1499 | E8: 60 | F8: 5000 | G8: Family
A9: 8 | B9: Postpaid Executive | C9: Postpaid | D9: 1999 | E9: 80 | F9: 7000 | G9: Professional
A10: 9 | B10: Corporate Standard | C10: Corporate | D10: 799 | E10: 30 | F10: 3000 | G10: SME
A11: 10 | B11: Corporate Plus | C11: Corporate | D11: 1499 | E11: 60 | F11: 6000 | G11: SME
A12: 11 | B12: Corporate Enterprise | C12: Corporate | D12: 2999 | E12: 150 | F12: 15000 | G12: Enterprise
A13: 12 | B13: Student Saver | C13: Prepaid | D13: 149 | E13: 8 | F13: 600 | G13: Student
... A16: 15 | B16: Roaming Traveller Pack | C16: Prepaid | D16: 1999 | E16: 5 | F16: 500 | G16: Traveller

Sheet Dim_Region
A1: RegionID | B1: RegionName | C1: Division | D1: AreaType | E1: PopulationDensity
A2: 1 | B2: Dhaka Metro | C2: Dhaka | D2: Urban | E2: Very High
A3: 2 | B3: Dhaka North | C3: Dhaka | D3: Urban | E3: High
A4: 3 | B4: Gazipur | C4: Dhaka | D4: Urban | E4: High
A5: 4 | B5: Narayanganj | C5: Dhaka | D5: Urban | E5: High
A6: 5 | B6: Chattogram Metro | C6: Chattogram | D6: Urban | E6: Very High
A7: 6 | B7: Cox's Bazar | C7: Chattogram | D7: Rural | E7: Low
A8: 7 | B8: Cumilla | C8: Chattogram | D8: Urban | E8: Medium
A9: 8 | B9: Khulna | C9: Khulna | D9: Urban | E9: Medium
A10: 9 | B10: Jashore | C10: Khulna | D10: Rural | E10: Low
A11: 10 | B11: Rajshahi | C11: Rajshahi | D11: Urban | E11: Medium
A12: 11 | B12: Bogura | C12: Rajshahi | D12: Rural | E12: Low
A13: 12 | B13: Sylhet | C13: Sylhet | D13: Urban | E13: Medium
... A16: 15 | B16: Mymensingh | C16: Mymensingh | D16: Urban | E16: Medium

Sheet Dim_ServiceType
A1: ServiceTypeID | B1: CategoryName | C1: SubCategory | D1: Priority | E1: SLA_Hours
A2: 1 | B2: Network | C2: Call Drop | D2: High | E2: 4
A3: 2 | B3: Network | C3: No Signal / Coverage | D3: High | E3: 6
A4: 3 | B4: Network | C4: Slow Data Speed | D4: Medium | E4: 8
A5: 4 | B5: Billing | C5: Incorrect Charge | D5: Medium | E5: 24
A6: 5 | B6: Billing | C6: Balance Deduction Dispute | D6: High | E6: 12
A7: 6 | B7: Billing | C7: Refund Request | D7: Medium | E7: 48
A8: 7 | B8: SIM | C8: SIM Replacement | D8: Medium | E8: 24
A9: 8 | B9: SIM | C9: SIM Activation Issue | D9: High | E9: 6
A10: 9 | B10: SIM | C10: Number Porting (MNP) | D10: Medium | E10: 72
A11: 10 | B11: Data Service | C11: Internet Not Working | D11: High | E11: 6
A12: 11 | B12: Data Service | C12: APN Configuration | D12: Low | E12: 12
A13: 12 | B13: Value Added Service | C13: Unwanted Subscription | D13: Low | E13: 24
... A16: 15 | B16: Customer Service | C16: General Inquiry | D16: Low | E16: 24

Sheet Dim_Agent
A1: AgentID | B1: AgentName | C1: Team | D1: Shift | E1: ExperienceYears | F1: AgentRating
A2: 1 | B2: Tanvir Ahmed | C2: Network Support | D2: Day | E2: 5 | F2: 4.6
A3: 2 | B3: Nusrat Jahan | C3: Billing Support | D3: Day | E3: 3 | F3: 4.4
A4: 3 | B4: Kamal Hossain | C4: Customer Care | D4: Day | E4: 6 | F4: 4.7
A5: 4 | B5: Farida Yasmin | C5: Technical Support | D5: Night | E5: 4 | F5: 4.3
A6: 5 | B6: Rafiqul Islam | C6: Network Support | D6: Night | E6: 7 | F6: 4.5
A7: 6 | B7: Mahmuda Begum | C7: Billing Support | D7: Day | E7: 2 | F7: 4.1
A8: 7 | B8: Abdul Karim | C8: SIM & Porting | D8: Day | E8: 5 | F8: 4.4
A9: 8 | B9: Jashim Uddin | C9: Technical Support | D9: Day | E9: 3 | F9: 4.2
A10: 9 | B10: Ruma Akter | C10: Customer Care | D10: Night | E10: 4 | F10: 4.6
A11: 10 | B11: Shamsul Alam | C11: Network Support | D11: Day | E11: 8 | F11: 4.8
A12: 11 | B12: Shirin Sultana | C12: Billing Support | D12: Night | E12: 3 | F12: 4
A13: 12 | B13: Anisur Rahman | C13: SIM & Porting | D13: Night | E13: 5 | F13: 4.3
... A16: 15 | B16: Sultana Razia | C16: Network Support | D16: Night | E16: 4 | F16: 4.4

Sheet Dim_Date
A1: DateID | B1: Date | C1: Year | D1: Quarter | E1: Month | F1: MonthName | G1: WeekOfYear | H1: DayOfWeek | I1: IsWeekend
A2: 1 | B2: 45658 | C2: 2025 | D2: Q1 | E2: 1 | F2: January | G2: 1 | H2: Wednesday | I2: 0
A3: 2 | B3: 45659 | C3: 2025 | D3: Q1 | E3: 1 | F3: January | G3: 1 | H3: Thursday | I3: 0
A4: 3 | B4: 45660 | C4: 2025 | D4: Q1 | E4: 1 | F4: January | G4: 1 | H4: Friday | I4: 0
A5: 4 | B5: 45661 | C5: 2025 | D5: Q1 | E5: 1 | F5: January | G5: 1 | H5: Saturday | I5: 1
A6: 5 | B6: 45662 | C6: 2025 | D6: Q1 | E6: 1 | F6: January | G6: 1 | H6: Sunday | I6: 1
A7: 6 | B7: 45663 | C7: 2025 | D7: Q1 | E7: 1 | F7: January | G7: 2 | H7: Monday | I7: 0
A8: 7 | B8: 45664 | C8: 2025 | D8: Q1 | E8: 1 | F8: January | G8: 2 | H8: Tuesday | I8: 0
A9: 8 | B9: 45665 | C9: 2025 | D9: Q1 | E9: 1 | F9: January | G9: 2 | H9: Wednesday | I9: 0
A10: 9 | B10: 45666 | C10: 2025 | D10: Q1 | E10: 1 | F10: January | G10: 2 | H10: Thursday | I10: 0
A11: 10 | B11: 45667 | C11: 2025 | D11: Q1 | E11: 1 | F11: January | G11: 2 | H11: Friday | I11: 0
A12: 11 | B12: 45668 | C12: 2025 | D12: Q1 | E12: 1 | F12: January | G12: 2 | H12: Saturday | I12: 1
A13: 12 | B13: 45669 | C13: 2025 | D13: Q1 | E13: 1 | F13: January | G13: 2 | H13: Sunday | I13: 1
... A366: 365 | B366: 46022 | C366: 2025 | D366: Q4 | E366: 12 | F366: December | G366: 53 | H366: Wednesday | I366: 0

Sheet Fact_Ticket
A1: TicketID | B1: TicketNumber | C1: PlanID | D1: RegionID | E1: ServiceTypeID | F1: AgentID | G1: RaisedDateTime | H1: AssignedDateTime | I1: ResolvedDateTime | J1: ClosedDateTime | K1: Channel | L1: AssignmentDelayHours | M1: ResolutionTimeHours | N1: TotalCycleTimeHours | O1: SLABreachFlag | P1: TicketStatus | Q1: CustomerSatisfactionScore | R1: ReopenedFlag
A2: 1 | B2: TCK-2025-00001 | C2: 12 | D2: 1 | E2: 13 | F2: 12 | G2: 45850.533 | H2: 45850.616 | I2: 45850.962 | J2: 45850.983 | K2: Social Media | L2: =IF(ISBLANK(H2),"",(H2-G2)*24) -> 2 | M2: =IF(ISBLANK(I2),"",(I2-H2)*24) -> 8.3 | N2: =IF(ISBLANK(J2),"",(J2-G2)*24) -> 10.8 | O2: =IF(ISBLANK(I2),"N/A",IF(((I2-H2)*24)>INDEX(Dim_ServiceType!$E$2:$E$16,MATCH(E2,Dim_ServiceType!$A$2:$A$16,0)),"Yes","No")) -> No | P2: =IF(ISBLANK(H2),"Open (Unassigned)",IF(ISBLANK(I2),"In Progress",IF(ISBLANK(J2),"Resolved (Pending Closure)","Closed"))) -> Closed | Q2: 4 | R2: Yes
A3: 2 | B3: TCK-2025-00002 | C3: 3 | D3: 14 | E3: 9 | F3: 9 | G3: 45870.258 | H3: 45870.424 | I3: 45872.07 | J3: 45872.153 | K3: Website | L3: =IF(ISBLANK(H3),"",(H3-G3)*24) -> 4 | M3: =IF(ISBLANK(I3),"",(I3-H3)*24) -> 39.5 | N3: =IF(ISBLANK(J3),"",(J3-G3)*24) -> 45.5 | O3: =IF(ISBLANK(I3),"N/A",IF(((I3-H3)*24)>INDEX(Dim_ServiceType!$E$2:$E$16,MATCH(E3,Dim_ServiceType!$A$2:$A$16,0)),"Yes","No")) -> No | P3: =IF(ISBLANK(H3),"Open (Unassigned)",IF(ISBLANK(I3),"In Progress",IF(ISBLANK(J3),"Resolved (Pending Closure)","Closed"))) -> Closed | Q3: 2 | R3: No
A4: 3 | B4: TCK-2025-00003 | C4: 5 | D4: 4 | E4: 15 | F4: 8 | G4: 45913.034 | H4: 45913.284 | I4: 45913.909 | J4: 45914.159 | K4: Mobile App | L4: =IF(ISBLANK(H4),"",(H4-G4)*24) -> 6 | M4: =IF(ISBLANK(I4),"",(I4-H4)*24) -> 15 | N4: =IF(ISBLANK(J4),"",(J4-G4)*24) -> 27 | O4: =IF(ISBLANK(I4),"N/A",IF(((I4-H4)*24)>INDEX(Dim_ServiceType!$E$2:$E$16,MATCH(E4,Dim_ServiceType!$A$2:$A$16,0)),"Yes","No")) -> No | P4: =IF(ISBLANK(H4),"Open (Unassigned)",IF(ISBLANK(I4),"In Progress",IF(ISBLANK(J4),"Resolved (Pending Closure)","Closed"))) -> Closed | Q4: 4 | R4: No
A5: 4 | B5: TCK-2025-00004 | C5: 13 | D5: 13 | E5: 14 | F5: 1 | G5: 45879.035 | H5: 45879.201 | I5: 45879.614 | J5: 45879.781 | K5: Call Center | L5: =IF(ISBLANK(H5),"",(H5-G5)*24) -> 4 | M5: =IF(ISBLANK(I5),"",(I5-H5)*24) -> 9.9 | N5: =IF(ISBLANK(J5),"",(J5-G5)*24) -> 17.9 | O5: =IF(ISBLANK(I5),"N/A",IF(((I5-H5)*24)>INDEX(Dim_ServiceType!$E$2:$E$16,MATCH(E5,Dim_ServiceType!$A$2:$A$16,0)),"Yes","No")) -> Yes | P5: =IF(ISBLANK(H5),"Open (Unassigned)",IF(ISBLANK(I5),"In Progress",IF(ISBLANK(J5),"Resolved (Pending Closure)","Closed"))) -> Closed | Q5: 5 | R5: No
A6: 5 | B6: TCK-2025-00005 | C6: 13 | D6: 5 | E6: 11 | F6: 15 | G6: 45707.687 | H6: 45707.812 | I6: 45708.362 | J6: 45709.362 | K6: Call Center | L6: =IF(ISBLANK(H6),"",(H6-G6)*24) -> 3 | M6: =IF(ISBLANK(I6),"",(I6-H6)*24) -> 13.2 | N6: =IF(ISBLANK(J6),"",(J6-G6)*24) -> 40.2 | O6: =IF(ISBLANK(I6),"N/A",IF(((I6-H6)*24)>INDEX(Dim_ServiceType!$E$2:$E$16,MATCH(E6,Dim_ServiceType!$A$2:$A$16,0)),"Yes","No")) -> Yes | P6: =IF(ISBLANK(H6),"Open (Unassigned)",IF(ISBLANK(I6),"In Progress",IF(ISBLANK(J6),"Resolved (Pending Closure)","Closed"))) -> Closed | Q6: 5 | R6: No
A7: 6 | B7: TCK-2025-00006 | C7: 8 | D7: 13 | E7: 7 | F7: 9 | G7: 45829.529 | H7: 45829.695 | I7: 45832.916 | J7: 45832.958 | K7: Mobile App | L7: =IF(ISBLANK(H7),"",(H7-G7)*24) -> 4 | M7: =IF(ISBLANK(I7),"",(I7-H7)*24) -> 77.3 | N7: =IF(ISBLANK(J7),"",(J7-G7)*24) -> 82.3 | O7: =IF(ISBLANK(I7),"N/A",IF(((I7-H7)*24)>INDEX(Dim_ServiceType!$E$2:$E$16,MATCH(E7,Dim_ServiceType!$A$2:$A$16,0)),"Yes","No")) -> Yes | P7: =IF(ISBLANK(H7),"Open (Unassigned)",IF(ISBLANK(I7),"In Progress",IF(ISBLANK(J7),"Resolved (Pending Closure)","Closed"))) -> Closed | Q7: 4 | R7: No
A8: 7 | B8: TCK-2025-00007 | C8: 10 | D8: 10 | E8: 14 | F8: 3 | G8: 45860.608 | H8: 45860.774 | I8: 45862.408 | J8: 45862.491 | K8: Website | L8: =IF(ISBLANK(H8),"",(H8-G8)*24) -> 4 | M8: =IF(ISBLANK(I8),"",(I8-H8)*24) -> 39.2 | N8: =IF(ISBLANK(J8),"",(J8-G8)*24) -> 45.2 | O8: =IF(ISBLANK(I8),"N/A",IF(((I8-H8)*24)>INDEX(Dim_ServiceType!$E$2:$E$16,MATCH(E8,Dim_ServiceType!$A$2:$A$16,0)),"Yes","No")) -> Yes | P8: =IF(ISBLANK(H8),"Open (Unassigned)",IF(ISBLANK(I8),"In Progress",IF(ISBLANK(J8),"Resolved (Pending Closure)","Closed"))) -> Closed | Q8: 3 | R8: Yes
A9: 8 | B9: TCK-2025-00008 | C9: 13 | D9: 1 | E9: 6 | F9: 9 | G9: 45882.756 | H9: 45883.506 | I9: 45885.789 | J9: 45886.039 | K9: Social Media | L9: =IF(ISBLANK(H9),"",(H9-G9)*24) -> 18 | M9: =IF(ISBLANK(I9),"",(I9-H9)*24) -> 54.8 | N9: =IF(ISBLANK(J9),"",(J9-G9)*24) -> 78.8 | O9: =IF(ISBLANK(I9),"N/A",IF(((I9-H9)*24)>INDEX(Dim_ServiceType!$E$2:$E$16,MATCH(E9,Dim_ServiceType!$A$2:$A$16,0)),"Yes","No")) -> Yes | P9: =IF(ISBLANK(H9),"Open (Unassigned)",IF(ISBLANK(I9),"In Progress",IF(ISBLANK(J9),"Resolved (Pending Closure)","Closed"))) -> Closed | Q9: 3 | R9: No
A10: 9 | B10: TCK-2025-00009 | C10: 6 | D10: 8 | E10: 4 | F10: 8 | G10: 45682.48 | H10: 45682.5 | I10: 45683.109 | J10: 45683.192 | K10: Website | L10: =IF(ISBLANK(H10),"",(H10-G10)*24) -> 0.5 | M10: =IF(ISBLANK(I10),"",(I10-H10)*24) -> 14.6 | N10: =IF(ISBLANK(J10),"",(J10-G10)*24) -> 17.1 | O10: =IF(ISBLANK(I10),"N/A",IF(((I10-H10)*24)>INDEX(Dim_ServiceType!$E$2:$E$16,MATCH(E10,Dim_ServiceType!$A$2:$A$16,0)),"Yes","No")) -> No | P10: =IF(ISBLANK(H10),"Open (Unassigned)",IF(ISBLANK(I10),"In Progress",IF(ISBLANK(J10),"Resolved (Pending Closure)","Closed"))) -> Closed | Q10: 4 | R10: No
A11: 10 | B11: TCK-2025-00010 | C11: 12 | D11: 13 | E11: 13 | F11: 5 | G11: 45933.016 | H11: 45934.016 | I11: 45934.966 | J11: 45935.466 | K11: Retail Store | L11: =IF(ISBLANK(H11),"",(H11-G11)*24) -> 24 | M11: =IF(ISBLANK(I11),"",(I11-H11)*24) -> 22.8 | N11: =IF(ISBLANK(J11),"",(J11-G11)*24) -> 58.8 | O11: =IF(ISBLANK(I11),"N/A",IF(((I11-H11)*24)>INDEX(Dim_ServiceType!$E$2:$E$16,MATCH(E11,Dim_ServiceType!$A$2:$A$16,0)),"Yes","No")) -> No | P11: =IF(ISBLANK(H11),"Open (Unassigned)",IF(ISBLANK(I11),"In Progress",IF(ISBLANK(J11),"Resolved (Pending Closure)","Closed"))) -> Closed | Q11: 5 | R11: No
A12: 11 | B12: TCK-2025-00011 | C12: 7 | D12: 4 | E12: 7 | F12: 15 | G12: 45749.414 | H12: 45749.914 | I12: 45754.26 | J12: 45754.427 | K12: Social Media | L12: =IF(ISBLANK(H12),"",(H12-G12)*24) -> 12 | M12: =IF(ISBLANK(I12),"",(I12-H12)*24) -> 104.3 | N12: =IF(ISBLANK(J12),"",(J12-G12)*24) -> 120.3 | O12: =IF(ISBLANK(I12),"N/A",IF(((I12-H12)*24)>INDEX(Dim_ServiceType!$E$2:$E$16,MATCH(E12,Dim_ServiceType!$A$2:$A$16,0)),"Yes","No")) -> Yes | P12: =IF(ISBLANK(H12),"Open (Unassigned)",IF(ISBLANK(I12),"In Progress",IF(ISBLANK(J12),"Resolved (Pending Closure)","Closed"))) -> Closed | Q12: 3 | R12: No
A13: 12 | B13: TCK-2025-00012 | C13: 6 | D13: 10 | E13: 6 | F13: 7 | G13: 45899.632 | H13: 45899.882 | I13: 45900.498 | J13: 45900.519 | K13: Call Center | L13: =IF(ISBLANK(H13),"",(H13-G13)*24) -> 6 | M13: =IF(ISBLANK(I13),"",(I13-H13)*24) -> 14.8 | N13: =IF(ISBLANK(J13),"",(J13-G13)*24) -> 21.3 | O13: =IF(ISBLANK(I13),"N/A",IF(((I13-H13)*24)>INDEX(Dim_ServiceType!$E$2:$E$16,MATCH(E13,Dim_ServiceType!$A$2:$A$16,0)),"Yes","No")) -> No | P13: =IF(ISBLANK(H13),"Open (Unassigned)",IF(ISBLANK(I13),"In Progress",IF(ISBLANK(J13),"Resolved (Pending Closure)","Closed"))) -> Closed | Q13: 3 | R13: Yes
... A27: 26 | B27: TCK-2025-00026 | C27: 6 | D27: 7 | E27: 13 | F27: 12 | G27: 45975.778 | H27: 45975.82 | I27: 45976.466 | J27: 45976.507 | K27: Mobile App | L27: =IF(ISBLANK(H27),"",(H27-G27)*24) -> 1 | M27: =IF(ISBLANK(I27),"",(I27-H27)*24) -> 15.5 | N27: =IF(ISBLANK(J27),"",(J27-G27)*24) -> 17.5 | O27: =IF(ISBLANK(I27),"N/A",IF(((I27-H27)*24)>INDEX(Dim_ServiceType!$E$2:$E$16,MATCH(E27,Dim_ServiceType!$A$2:$A$16,0)),"Yes","No")) -> No | P27: =IF(ISBLANK(H27),"Open (Unassigned)",IF(ISBLANK(I27),"In Progress",IF(ISBLANK(J27),"Resolved (Pending Closure)","Closed"))) -> Closed | Q27: 5 | R27: No
A28: 27 | B28: TCK-2025-00027 | C28: 12 | D28: 12 | E28: 7 | F28: 5 | G28: 46002.214 | K28: Social Media | L28: =IF(ISBLANK(H28),"",(H28-G28)*24) | M28: =IF(ISBLANK(I28),"",(I28-H28)*24) | N28: =IF(ISBLANK(J28),"",(J28-G28)*24) | O28: =IF(ISBLANK(I28),"N/A",IF(((I28-H28)*24)>INDEX(Dim_ServiceType!$E$2:$E$16,MATCH(E28,Dim_ServiceType!$A$2:$A$16,0)),"Yes","No")) -> N/A | P28: =IF(ISBLANK(H28),"Open (Unassigned)",IF(ISBLANK(I28),"In Progress",IF(ISBLANK(J28),"Resolved (Pending Closure)","Closed"))) -> Open (Unassigned)
A29: 28 | B29: TCK-2025-00028 | C29: 7 | D29: 13 | E29: 2 | F29: 2 | G29: 45872.685 | H29: 45872.705 | I29: 45873.026 | J29: 45873.193 | K29: Mobile App | L29: =IF(ISBLANK(H29),"",(H29-G29)*24) -> 0.5 | M29: =IF(ISBLANK(I29),"",(I29-H29)*24) -> 7.7 | N29: =IF(ISBLANK(J29),"",(J29-G29)*24) -> 12.2 | O29: =IF(ISBLANK(I29),"N/A",IF(((I29-H29)*24)>INDEX(Dim_ServiceType!$E$2:$E$16,MATCH(E29,Dim_ServiceType!$A$2:$A$16,0)),"Yes","No")) -> Yes | P29: =IF(ISBLANK(H29),"Open (Unassigned)",IF(ISBLANK(I29),"In Progress",IF(ISBLANK(J29),"Resolved (Pending Closure)","Closed"))) -> Closed | Q29: 2 | R29: No
A30: 29 | B30: TCK-2025-00029 | C30: 8 | D30: 1 | E30: 2 | F30: 13 | G30: 45929.951 | H30: 45929.993 | I30: 45930.318 | J30: 45930.339 | K30: Website | L30: =IF(ISBLANK(H30),"",(H30-G30)*24) -> 1 | M30: =IF(ISBLANK(I30),"",(I30-H30)*24) -> 7.8 | N30: =IF(ISBLANK(J30),"",(J30-G30)*24) -> 9.3 | O30: =IF(ISBLANK(I30),"N/A",IF(((I30-H30)*24)>INDEX(Dim_ServiceType!$E$2:$E$16,MATCH(E30,Dim_ServiceType!$A$2:$A$16,0)),"Yes","No")) -> Yes | P30: =IF(ISBLANK(H30),"Open (Unassigned)",IF(ISBLANK(I30),"In Progress",IF(ISBLANK(J30),"Resolved (Pending Closure)","Closed"))) -> Closed | Q30: 4 | R30: No
A31: 30 | B31: TCK-2025-00030 | C31: 8 | D31: 5 | E31: 12 | F31: 3 | G31: 45668.455 | H31: 45668.621 | I31: 45669.609 | J31: 45669.692 | K31: Call Center | L31: =IF(ISBLANK(H31),"",(H31-G31)*24) -> 4 | M31: =IF(ISBLANK(I31),"",(I31-H31)*24) -> 23.7 | N31: =IF(ISBLANK(J31),"",(J31-G31)*24) -> 29.7 | O31: =IF(ISBLANK(I31),"N/A",IF(((I31-H31)*24)>INDEX(Dim_ServiceType!$E$2:$E$16,MATCH(E31,Dim_ServiceType!$A$2:$A$16,0)),"Yes","No")) -> No | P31: =IF(ISBLANK(H31),"Open (Unassigned)",IF(ISBLANK(I31),"In Progress",IF(ISBLANK(J31),"Resolved (Pending Closure)","Closed"))) -> Closed | Q31: 4 | R31: Yes
A32: 31 | B32: TCK-2025-00031 | C32: 13 | D32: 1 | E32: 3 | F32: 9 | G32: 45788.103 | H32: 45788.186 | K32: Retail Store | L32: =IF(ISBLANK(H32),"",(H32-G32)*24) -> 2 | M32: =IF(ISBLANK(I32),"",(I32-H32)*24) | N32: =IF(ISBLANK(J32),"",(J32-G32)*24) | O32: =IF(ISBLANK(I32),"N/A",IF(((I32-H32)*24)>INDEX(Dim_ServiceType!$E$2:$E$16,MATCH(E32,Dim_ServiceType!$A$2:$A$16,0)),"Yes","No")) -> N/A | P32: =IF(ISBLANK(H32),"Open (Unassigned)",IF(ISBLANK(I32),"In Progress",IF(ISBLANK(J32),"Resolved (Pending Closure)","Closed"))) -> In Progress
A33: 32 | B33: TCK-2025-00032 | C33: 15 | D33: 1 | E33: 4 | F33: 3 | G33: 46001.57 | K33: Social Media | L33: =IF(ISBLANK(H33),"",(H33-G33)*24) | M33: =IF(ISBLANK(I33),"",(I33-H33)*24) | N33: =IF(ISBLANK(J33),"",(J33-G33)*24) | O33: =IF(ISBLANK(I33),"N/A",IF(((I33-H33)*24)>INDEX(Dim_ServiceType!$E$2:$E$16,MATCH(E33,Dim_ServiceType!$A$2:$A$16,0)),"Yes","No")) -> N/A | P33: =IF(ISBLANK(H33),"Open (Unassigned)",IF(ISBLANK(I33),"In Progress",IF(ISBLANK(J33),"Resolved (Pending Closure)","Closed"))) -> Open (Unassigned)
A34: 33 | B34: TCK-2025-00033 | C34: 2 | D34: 10 | E34: 6 | F34: 7 | G34: 45841.829 | H34: 45841.954 | I34: 45843.554 | J34: 45843.596 | K34: Retail Store | L34: =IF(ISBLANK(H34),"",(H34-G34)*24) -> 3 | M34: =IF(ISBLANK(I34),"",(I34-H34)*24) -> 38.4 | N34: =IF(ISBLANK(J34),"",(J34-G34)*24) -> 42.4 | O34: =IF(ISBLANK(I34),"N/A",IF(((I34-H34)*24)>INDEX(Dim_ServiceType!$E$2:$E$16,MATCH(E34,Dim_ServiceType!$A$2:$A$16,0)),"Yes","No")) -> No | P34: =IF(ISBLANK(H34),"Open (Unassigned)",IF(ISBLANK(I34),"In Progress",IF(ISBLANK(J34),"Resolved (Pending Closure)","Closed"))) -> Closed | Q34: 2 | R34: Yes
A35: 34 | B35: TCK-2025-00034 | C35: 6 | D35: 4 | E35: 6 | F35: 6 | G35: 45850.008 | H35: 45850.091 | I35: 45856.466 | J35: 45857.466 | K35: Mobile App | L35: =IF(ISBLANK(H35),"",(H35-G35)*24) -> 2 | M35: =IF(ISBLANK(I35),"",(I35-H35)*24) -> 153 | N35: =IF(ISBLANK(J35),"",(J35-G35)*24) -> 179 | O35: =IF(ISBLANK(I35),"N/A",IF(((I35-H35)*24)>INDEX(Dim_ServiceType!$E$2:$E$16,MATCH(E35,Dim_ServiceType!$A$2:$A$16,0)),"Yes","No")) -> Yes | P35: =IF(ISBLANK(H35),"Open (Unassigned)",IF(ISBLANK(I35),"In Progress",IF(ISBLANK(J35),"Resolved (Pending Closure)","Closed"))) -> Closed | Q35: 2 | R35: No
A36: 35 | B36: TCK-2025-00035 | C36: 4 | D36: 3 | E36: 1 | F36: 5 | G36: 45728.763 | H36: 45729.513 | I36: 45729.563 | J36: 45729.646 | K36: Retail Store | L36: =IF(ISBLANK(H36),"",(H36-G36)*24) -> 18 | M36: =IF(ISBLANK(I36),"",(I36-H36)*24) -> 1.2 | N36: =IF(ISBLANK(J36),"",(J36-G36)*24) -> 21.2 | O36: =IF(ISBLANK(I36),"N/A",IF(((I36-H36)*24)>INDEX(Dim_ServiceType!$E$2:$E$16,MATCH(E36,Dim_ServiceType!$A$2:$A$16,0)),"Yes","No")) -> No | P36: =IF(ISBLANK(H36),"Open (Unassigned)",IF(ISBLANK(I36),"In Progress",IF(ISBLANK(J36),"Resolved (Pending Closure)","Closed"))) -> Closed | Q36: 2 | R36: No
A37: 36 | B37: TCK-2025-00036 | C37: 6 | D37: 2 | E37: 4 | F37: 7 | G37: 45897.967 | H37: 45897.987 | K37: Website | L37: =IF(ISBLANK(H37),"",(H37-G37)*24) -> 0.5 | M37: =IF(ISBLANK(I37),"",(I37-H37)*24) | N37: =IF(ISBLANK(J37),"",(J37-G37)*24) | O37: =IF(ISBLANK(I37),"N/A",IF(((I37-H37)*24)>INDEX(Dim_ServiceType!$E$2:$E$16,MATCH(E37,Dim_ServiceType!$A$2:$A$16,0)),"Yes","No")) -> N/A | P37: =IF(ISBLANK(H37),"Open (Unassigned)",IF(ISBLANK(I37),"In Progress",IF(ISBLANK(J37),"Resolved (Pending Closure)","Closed"))) -> In Progress
A38: 37 | B38: TCK-2025-00037 | C38: 12 | D38: 15 | E38: 3 | F38: 6 | G38: 45928.28 | H38: 45928.78 | I38: 45929.018 | J38: 45930.018 | K38: Mobile App | L38: =IF(ISBLANK(H38),"",(H38-G38)*24) -> 12 | M38: =IF(ISBLANK(I38),"",(I38-H38)*24) -> 5.7 | N38: =IF(ISBLANK(J38),"",(J38-G38)*24) -> 41.7 | O38: =IF(ISBLANK(I38),"N/A",IF(((I38-H38)*24)>INDEX(Dim_ServiceType!$E$2:$E$16,MATCH(E38,Dim_ServiceType!$A$2:$A$16,0)),"Yes","No")) -> No | P38: =IF(ISBLANK(H38),"Open (Unassigned)",IF(ISBLANK(I38),"In Progress",IF(ISBLANK(J38),"Resolved (Pending Closure)","Closed"))) -> Closed | Q38: 4 | R38: No
A39: 38 | B39: TCK-2025-00038 | C39: 11 | D39: 12 | E39: 3 | F39: 1 | G39: 45777.548 | H39: 45778.548 | I39: 45778.823 | J39: 45778.989 | K39: Mobile App | L39: =IF(ISBLANK(H39),"",(H39-G39)*24) -> 24 | M39: =IF(ISBLANK(I39),"",(I39-H39)*24) -> 6.6 | N39: =IF(ISBLANK(J39),"",(J39-G39)*24) -> 34.6 | O39: =IF(ISBLANK(I39),"N/A",IF(((I39-H39)*24)>INDEX(Dim_ServiceType!$E$2:$E$16,MATCH(E39,Dim_ServiceType!$A$2:$A$16,0)),"Yes","No")) -> No | P39: =IF(ISBLANK(H39),"Open (Unassigned)",IF(ISBLANK(I39),"In Progress",IF(ISBLANK(J39),"Resolved (Pending Closure)","Closed"))) -> Closed | Q39: 3 | R39: No
A40: 39 | B40: TCK-2025-00039 | C40: 2 | D40: 11 | E40: 7 | F40: 11 | G40: 45837.329 | H40: 45837.371 | I40: 45840.654 | J40: 45841.154 | K40: Call Center | L40: =IF(ISBLANK(H40),"",(H40-G40)*24) -> 1 | M40: =IF(ISBLANK(I40),"",(I40-H40)*24) -> 78.8 | N40: =IF(ISBLANK(J40),"",(J40-G40)*24) -> 91.8 | O40: =IF(ISBLANK(I40),"N/A",IF(((I40-H40)*24)>INDEX(Dim_ServiceType!$E$2:$E$16,MATCH(E40,Dim_ServiceType!$A$2:$A$16,0)),"Yes","No")) -> Yes | P40: =IF(ISBLANK(H40),"Open (Unassigned)",IF(ISBLANK(I40),"In Progress",IF(ISBLANK(J40),"Resolved (Pending Closure)","Closed"))) -> Closed | Q40: 4 | R40: No
A41: 40 | B41: TCK-2025-00040 | C41: 7 | D41: 12 | E41: 6 | F41: 6 | G41: 45693.635 | H41: 45693.885 | I41: 45695.018 | J41: 45695.185 | K41: Social Media | L41: =IF(ISBLANK(H41),"",(H41-G41)*24) -> 6 | M41: =IF(ISBLANK(I41),"",(I41-H41)*24) -> 27.2 | N41: =IF(ISBLANK(J41),"",(J41-G41)*24) -> 37.2 | O41: =IF(ISBLANK(I41),"N/A",IF(((I41-H41)*24)>INDEX(Dim_ServiceType!$E$2:$E$16,MATCH(E41,Dim_ServiceType!$A$2:$A$16,0)),"Yes","No")) -> No | P41: =IF(ISBLANK(H41),"Open (Unassigned)",IF(ISBLANK(I41),"In Progress",IF(ISBLANK(J41),"Resolved (Pending Closure)","Closed"))) -> Closed | Q41: 1 | R41: No
A42: 41 | B42: TCK-2025-00041 | C42: 6 | D42: 2 | E42: 4 | F42: 15 | G42: 45689.781 | H42: 45689.802 | I42: 45690.64 | J42: 45690.661 | K42: Mobile App | L42: =IF(ISBLANK(H42),"",(H42-G42)*24) -> 0.5 | M42: =IF(ISBLANK(I42),"",(I42-H42)*24) -> 20.1 | N42: =IF(ISBLANK(J42),"",(J42-G42)*24) -> 21.1 | O42: =IF(ISBLANK(I42),"N/A",IF(((I42-H42)*24)>INDEX(Dim_ServiceType!$E$2:$E$16,MATCH(E42,Dim_ServiceType!$A$2:$A$16,0)),"Yes","No")) -> No | P42: =IF(ISBLANK(H42),"Open (Unassigned)",IF(ISBLANK(I42),"In Progress",IF(ISBLANK(J42),"Resolved (Pending Closure)","Closed"))) -> Closed | Q42: 3 | R42: No
A43: 42 | B43: TCK-2025-00042 | C43: 10 | D43: 8 | E43: 12 | F43: 11 | G43: 45786.803 | H43: 45787.303 | I43: 45788.428 | J43: 45788.47 | K43: Mobile App | L43: =IF(ISBLANK(H43),"",(H43-G43)*24) -> 12 | M43: =IF(ISBLANK(I43),"",(I43-H43)*24) -> 27 | N43: =IF(ISBLANK(J43),"",(J43-G43)*24) -> 40 | O43: =IF(ISBLANK(I43),"N/A",IF(((I43-H43)*24)>INDEX(Dim_ServiceType!$E$2:$E$16,MATCH(E43,Dim_ServiceType!$A$2:$A$16,0)),"Yes","No")) -> Yes | P43: =IF(ISBLANK(H43),"Open (Unassigned)",IF(ISBLANK(I43),"In Progress",IF(ISBLANK(J43),"Resolved (Pending Closure)","Closed"))) -> Closed | Q43: 3 | R43: No
A44: 43 | B44: TCK-2025-00043 | C44: 7 | D44: 8 | E44: 11 | F44: 8 | G44: 45858.293 | H44: 45858.46 | I44: 45858.768 | J44: 45858.935 | K44: Retail Store | L44: =IF(ISBLANK(H44),"",(H44-G44)*24) -> 4 | M44: =IF(ISBLANK(I44),"",(I44-H44)*24) -> 7.4 | N44: =IF(ISBLANK(J44),"",(J44-G44)*24) -> 15.4 | O44: =IF(ISBLANK(I44),"N/A",IF(((I44-H44)*24)>INDEX(Dim_ServiceType!$E$2:$E$16,MATCH(E44,Dim_ServiceType!$A$2:$A$16,0)),"Yes","No")) -> No | P44: =IF(ISBLANK(H44),"Open (Unassigned)",IF(ISBLANK(I44),"In Progress",IF(ISBLANK(J44),"Resolved (Pending Closure)","Closed"))) -> Closed | Q44: 5 | R44: No
A45: 44 | B45: TCK-2025-00044 | C45: 12 | D45: 7 | E45: 6 | F45: 12 | G45: 45957.644 | H45: 45958.644 | I45: 45959.494 | J45: 45960.494 | K45: Website | L45: =IF(ISBLANK(H45),"",(H45-G45)*24) -> 24 | M45: =IF(ISBLANK(I45),"",(I45-H45)*24) -> 20.4 | N45: =IF(ISBLANK(J45),"",(J45-G45)*24) -> 68.4 | O45: =IF(ISBLANK(I45),"N/A",IF(((I45-H45)*24)>INDEX(Dim_ServiceType!$E$2:$E$16,MATCH(E45,Dim_ServiceType!$A$2:$A$16,0)),"Yes","No")) -> No | P45: =IF(ISBLANK(H45),"Open (Unassigned)",IF(ISBLANK(I45),"In Progress",IF(ISBLANK(J45),"Resolved (Pending Closure)","Closed"))) -> Closed | Q45: 5 | R45: No
A46: 45 | B46: TCK-2025-00045 | C46: 13 | D46: 12 | E46: 6 | F46: 4 | G46: 45925.843 | H46: 45925.926 | I46: 45928.293 | J46: 45928.543 | K46: Mobile App | L46: =IF(ISBLANK(H46),"",(H46-G46)*24) -> 2 | M46: =IF(ISBLANK(I46),"",(I46-H46)*24) -> 56.8 | N46: =IF(ISBLANK(J46),"",(J46-G46)*24) -> 64.8 | O46: =IF(ISBLANK(I46),"N/A",IF(((I46-H46)*24)>INDEX(Dim_ServiceType!$E$2:$E$16,MATCH(E46,Dim_ServiceType!$A$2:$A$16,0)),"Yes","No")) -> Yes | P46: =IF(ISBLANK(H46),"Open (Unassigned)",IF(ISBLANK(I46),"In Progress",IF(ISBLANK(J46),"Resolved (Pending Closure)","Closed"))) -> Closed | Q46: 5 | R46: No
A47: 46 | B47: TCK-2025-00046 | C47: 9 | D47: 14 | E47: 15 | F47: 9 | G47: 45757.62 | H47: 45757.787 | K47: Retail Store | L47: =IF(ISBLANK(H47),"",(H47-G47)*24) -> 4 | M47: =IF(ISBLANK(I47),"",(I47-H47)*24) | N47: =IF(ISBLANK(J47),"",(J47-G47)*24) | O47: =IF(ISBLANK(I47),"N/A",IF(((I47-H47)*24)>INDEX(Dim_ServiceType!$E$2:$E$16,MATCH(E47,Dim_ServiceType!$A$2:$A$16,0)),"Yes","No")) -> N/A | P47: =IF(ISBLANK(H47),"Open (Unassigned)",IF(ISBLANK(I47),"In Progress",IF(ISBLANK(J47),"Resolved (Pending Closure)","Closed"))) -> In Progress
A48: 47 | B48: TCK-2025-00047 | C48: 1 | D48: 7 | E48: 5 | F48: 9 | G48: 45769.962 | H48: 45770.462 | I48: 45770.97 | J48: 45771.137 | K48: Mobile App | L48: =IF(ISBLANK(H48),"",(H48-G48)*24) -> 12 | M48: =IF(ISBLANK(I48),"",(I48-H48)*24) -> 12.2 | N48: =IF(ISBLANK(J48),"",(J48-G48)*24) -> 28.2 | O48: =IF(ISBLANK(I48),"N/A",IF(((I48-H48)*24)>INDEX(Dim_ServiceType!$E$2:$E$16,MATCH(E48,Dim_ServiceType!$A$2:$A$16,0)),"Yes","No")) -> Yes | P48: =IF(ISBLANK(H48),"Open (Unassigned)",IF(ISBLANK(I48),"In Progress",IF(ISBLANK(J48),"Resolved (Pending Closure)","Closed"))) -> Closed | Q48: 3 | R48: Yes
A49: 48 | B49: TCK-2025-00048 | C49: 7 | D49: 15 | E49: 11 | F49: 10 | G49: 45796.413 | H49: 45796.434 | I49: 45796.905 | J49: 45797.072 | K49: Retail Store | L49: =IF(ISBLANK(H49),"",(H49-G49)*24) -> 0.5 | M49: =IF(ISBLANK(I49),"",(I49-H49)*24) -> 11.3 | N49: =IF(ISBLANK(J49),"",(J49-G49)*24) -> 15.8 | O49: =IF(ISBLANK(I49),"N/A",IF(((I49-H49)*24)>INDEX(Dim_ServiceType!$E$2:$E$16,MATCH(E49,Dim_ServiceType!$A$2:$A$16,0)),"Yes","No")) -> No | P49: =IF(ISBLANK(H49),"Open (Unassigned)",IF(ISBLANK(I49),"In Progress",IF(ISBLANK(J49),"Resolved (Pending Closure)","Closed"))) -> Closed | Q49: 4 | R49: No
A50: 49 | B50: TCK-2025-00049 | C50: 6 | D50: 13 | E50: 7 | F50: 9 | G50: 45916.916 | H50: 45916.958 | I50: 45917.516 | J50: 45918.016 | K50: Website | L50: =IF(ISBLANK(H50),"",(H50-G50)*24) -> 1 | M50: =IF(ISBLANK(I50),"",(I50-H50)*24) -> 13.4 | N50: =IF(ISBLANK(J50),"",(J50-G50)*24) -> 26.4 | O50: =IF(ISBLANK(I50),"N/A",IF(((I50-H50)*24)>INDEX(Dim_ServiceType!$E$2:$E$16,MATCH(E50,Dim_ServiceType!$A$2:$A$16,0)),"Yes","No")) -> No | P50: =IF(ISBLANK(H50),"Open (Unassigned)",IF(ISBLANK(I50),"In Progress",IF(ISBLANK(J50),"Resolved (Pending Closure)","Closed"))) -> Closed | Q50: 5 | R50: No
A51: 50 | B51: TCK-2025-00050 | C51: 5 | D51: 10 | E51: 1 | F51: 7 | G51: 45777.159 | H51: 45777.492 | I51: 45777.634 | J51: 45778.634 | K51: Retail Store | L51: =IF(ISBLANK(H51),"",(H51-G51)*24) -> 8 | M51: =IF(ISBLANK(I51),"",(I51-H51)*24) -> 3.4 | N51: =IF(ISBLANK(J51),"",(J51-G51)*24) -> 35.4 | O51: =IF(ISBLANK(I51),"N/A",IF(((I51-H51)*24)>INDEX(Dim_ServiceType!$E$2:$E$16,MATCH(E51,Dim_ServiceType!$A$2:$A$16,0)),"Yes","No")) -> No | P51: =IF(ISBLANK(H51),"Open (Unassigned)",IF(ISBLANK(I51),"In Progress",IF(ISBLANK(J51),"Resolved (Pending Closure)","Closed"))) -> Closed | Q51: 1 | R51: No
A52: 51 | B52: TCK-2025-00051 | C52: 2 | D52: 1 | E52: 8 | F52: 6 | G52: 45871.716 | H52: 45872.049 | K52: Website | L52: =IF(ISBLANK(H52),"",(H52-G52)*24) -> 8 | M52: =IF(ISBLANK(I52),"",(I52-H52)*24) | N52: =IF(ISBLANK(J52),"",(J52-G52)*24) | O52: =IF(ISBLANK(I52),"N/A",IF(((I52-H52)*24)>INDEX(Dim_ServiceType!$E$2:$E$16,MATCH(E52,Dim_ServiceType!$A$2:$A$16,0)),"Yes","No")) -> N/A | P52: =IF(ISBLANK(H52),"Open (Unassigned)",IF(ISBLANK(I52),"In Progress",IF(ISBLANK(J52),"Resolved (Pending Closure)","Closed"))) -> In Progress
A53: 52 | B53: TCK-2025-00052 | C53: 12 | D53: 3 | E53: 10 | F53: 11 | G53: 45923.815 | H53: 45924.815 | I53: 45925.09 | J53: 45925.257 | K53: Retail Store | L53: =IF(ISBLANK(H53),"",(H53-G53)*24) -> 24 | M53: =IF(ISBLANK(I53),"",(I53-H53)*24) -> 6.6 | N53: =IF(ISBLANK(J53),"",(J53-G53)*24) -> 34.6 | O53: =IF(ISBLANK(I53),"N/A",IF(((I53-H53)*24)>INDEX(Dim_ServiceType!$E$2:$E$16,MATCH(E53,Dim_ServiceType!$A$2:$A$16,0)),"Yes","No")) -> Yes | P53: =IF(ISBLANK(H53),"Open (Unassigned)",IF(ISBLANK(I53),"In Progress",IF(ISBLANK(J53),"Resolved (Pending Closure)","Closed"))) -> Closed | Q53: 3 | R53: No
A54: 53 | B54: TCK-2025-00053 | C54: 7 | D54: 15 | E54: 15 | F54: 12 | G54: 45808.673 | H54: 45808.757 | K54: Retail Store | L54: =IF(ISBLANK(H54),"",(H54-G54)*24) -> 2 | M54: =IF(ISBLANK(I54),"",(I54-H54)*24) | N54: =IF(ISBLANK(J54),"",(J54-G54)*24) | O54: =IF(ISBLANK(I54),"N/A",IF(((I54-H54)*24)>INDEX(Dim_ServiceType!$E$2:$E$16,MATCH(E54,Dim_ServiceType!$A$2:$A$16,0)),"Yes","No")) -> N/A | P54: =IF(ISBLANK(H54),"Open (Unassigned)",IF(ISBLANK(I54),"In Progress",IF(ISBLANK(J54),"Resolved (Pending Closure)","Closed"))) -> In Progress
A55: 54 | B55: TCK-2025-00054 | C55: 5 | D55: 9 | E55: 5 | F55: 14 | G55: 45787.148 | H55: 45787.398 | I55: 45788.756 | J55: 45789.256 | K55: Website | L55: =IF(ISBLANK(H55),"",(H55-G55)*24) -> 6 | M55: =IF(ISBLANK(I55),"",(I55-H55)*24) -> 32.6 | N55: =IF(ISBLANK(J55),"",(J55-G55)*24) -> 50.6 | O55: =IF(ISBLANK(I55),"N/A",IF(((I55-H55)*24)>INDEX(Dim_ServiceType!$E$2:$E$16,MATCH(E55,Dim_ServiceType!$A$2:$A$16,0)),"Yes","No")) -> Yes | P55: =IF(ISBLANK(H55),"Open (Unassigned)",IF(ISBLANK(I55),"In Progress",IF(ISBLANK(J55),"Resolved (Pending Closure)","Closed"))) -> Closed | Q55: 1 | R55: Yes
A56: 55 | B56: TCK-2025-00055 | C56: 1 | D56: 3 | E56: 12 | F56: 2 | G56: 45996.191 | H56: 45996.212 | I56: 45996.708 | J56: 45996.958 | K56: Website | L56: =IF(ISBLANK(H56),"",(H56-G56)*24) -> 0.5 | M56: =IF(ISBLANK(I56),"",(I56-H56)*24) -> 11.9 | N56: =IF(ISBLANK(J56),"",(J56-G56)*24) -> 18.4 | O56: =IF(ISBLANK(I56),"N/A",IF(((I56-H56)*24)>INDEX(Dim_ServiceType!$E$2:$E$16,MATCH(E56,Dim_ServiceType!$A$2:$A$16,0)),"Yes","No")) -> No | P56: =IF(ISBLANK(H56),"Open (Unassigned)",IF(ISBLANK(I56),"In Progress",IF(ISBLANK(J56),"Resolved (Pending Closure)","Closed"))) -> Closed | Q56: 1 | R56: No
A57: 56 | B57: TCK-2025-00056 | C57: 5 | D57: 11 | E57: 4 | F57: 2 | G57: 45699.66 | H57: 45700.41 | I57: 45701.151 | J57: 45701.193 | K57: Call Center | L57: =IF(ISBLANK(H57),"",(H57-G57)*24) -> 18 | M57: =IF(ISBLANK(I57),"",(I57-H57)*24) -> 17.8 | N57: =IF(ISBLANK(J57),"",(J57-G57)*24) -> 36.8 | O57: =IF(ISBLANK(I57),"N/A",IF(((I57-H57)*24)>INDEX(Dim_ServiceType!$E$2:$E$16,MATCH(E57,Dim_ServiceType!$A$2:$A$16,0)),"Yes","No")) -> No | P57: =IF(ISBLANK(H57),"Open (Unassigned)",IF(ISBLANK(I57),"In Progress",IF(ISBLANK(J57),"Resolved (Pending Closure)","Closed"))) -> Closed | Q57: 5 | R57: No
A58: 57 | B58: TCK-2025-00057 | C58: 3 | D58: 12 | E58: 13 | F58: 1 | G58: 45671.835 | H58: 45671.96 | K58: Mobile App | L58: =IF(ISBLANK(H58),"",(H58-G58)*24) -> 3 | M58: =IF(ISBLANK(I58),"",(I58-H58)*24) | N58: =IF(ISBLANK(J58),"",(J58-G58)*24) | O58: =IF(ISBLANK(I58),"N/A",IF(((I58-H58)*24)>INDEX(Dim_ServiceType!$E$2:$E$16,MATCH(E58,Dim_ServiceType!$A$2:$A$16,0)),"Yes","No")) -> N/A | P58: =IF(ISBLANK(H58),"Open (Unassigned)",IF(ISBLANK(I58),"In Progress",IF(ISBLANK(J58),"Resolved (Pending Closure)","Closed"))) -> In Progress
A59: 58 | B59: TCK-2025-00058 | C59: 14 | D59: 2 | E59: 10 | F59: 12 | G59: 45719.494 | H59: 45719.661 | I59: 45719.927 | J59: 45720.177 | K59: Social Media | L59: =IF(ISBLANK(H59),"",(H59-G59)*24) -> 4 | M59: =IF(ISBLANK(I59),"",(I59-H59)*24) -> 6.4 | N59: =IF(ISBLANK(J59),"",(J59-G59)*24) -> 16.4 | O59: =IF(ISBLANK(I59),"N/A",IF(((I59-H59)*24)>INDEX(Dim_ServiceType!$E$2:$E$16,MATCH(E59,Dim_ServiceType!$A$2:$A$16,0)),"Yes","No")) -> Yes | P59: =IF(ISBLANK(H59),"Open (Unassigned)",IF(ISBLANK(I59),"In Progress",IF(ISBLANK(J59),"Resolved (Pending Closure)","Closed"))) -> Closed | Q59: 5 | R59: No
A60: 59 | B60: TCK-2025-00059 | C60: 9 | D60: 6 | E60: 15 | F60: 15 | G60: 45813.968 | H60: 45814.468 | I60: 45815.256 | J60: 45815.756 | K60: Mobile App | L60: =IF(ISBLANK(H60),"",(H60-G60)*24) -> 12 | M60: =IF(ISBLANK(I60),"",(I60-H60)*24) -> 18.9 | N60: =IF(ISBLANK(J60),"",(J60-G60)*24) -> 42.9 | O60: =IF(ISBLANK(I60),"N/A",IF(((I60-H60)*24)>INDEX(Dim_ServiceType!$E$2:$E$16,MATCH(E60,Dim_ServiceType!$A$2:$A$16,0)),"Yes","No")) -> No | P60: =IF(ISBLANK(H60),"Open (Unassigned)",IF(ISBLANK(I60),"In Progress",IF(ISBLANK(J60),"Resolved (Pending Closure)","Closed"))) -> Closed | Q60: 4 | R60: No
A61: 60 | B61: TCK-2025-00060 | C61: 14 | D61: 10 | E61: 5 | F61: 7 | G61: 45999.351 | H61: 45999.517 | I61: 45999.863 | J61: 46000.03 | K61: Mobile App | L61: =IF(ISBLANK(H61),"",(H61-G61)*24) -> 4 | M61: =IF(ISBLANK(I61),"",(I61-H61)*24) -> 8.3 | N61: =IF(ISBLANK(J61),"",(J61-G61)*24) -> 16.3 | O61: =IF(ISBLANK(I61),"N/A",IF(((I61-H61)*24)>INDEX(Dim_ServiceType!$E$2:$E$16,MATCH(E61,Dim_ServiceType!$A$2:$A$16,0)),"Yes","No")) -> No | P61: =IF(ISBLANK(H61),"Open (Unassigned)",IF(ISBLANK(I61),"In Progress",IF(ISBLANK(J61),"Resolved (Pending Closure)","Closed"))) -> Closed | Q61: 4 | R61: No
A62: 61 | B62: TCK-2025-00061 | C62: 5 | D62: 11 | E62: 15 | F62: 6 | G62: 45751.541 | H62: 45752.541 | I62: 45753.204 | J62: 45753.454 | K62: Call Center | L62: =IF(ISBLANK(H62),"",(H62-G62)*24) -> 24 | M62: =IF(ISBLANK(I62),"",(I62-H62)*24) -> 15.9 | N62: =IF(ISBLANK(J62),"",(J62-G62)*24) -> 45.9 | O62: =IF(ISBLANK(I62),"N/A",IF(((I62-H62)*24)>INDEX(Dim_ServiceType!$E$2:$E$16,MATCH(E62,Dim_ServiceType!$A$2:$A$16,0)),"Yes","No")) -> No | P62: =IF(ISBLANK(H62),"Open (Unassigned)",IF(ISBLANK(I62),"In Progress",IF(ISBLANK(J62),"Resolved (Pending Closure)","Closed"))) -> Closed | Q62: 4 | R62: Yes
A63: 62 | B63: TCK-2025-00062 | C63: 8 | D63: 13 | E63: 8 | F63: 3 | G63: 46005.576 | K63: Mobile App | L63: =IF(ISBLANK(H63),"",(H63-G63)*24) | M63: =IF(ISBLANK(I63),"",(I63-H63)*24) | N63: =IF(ISBLANK(J63),"",(J63-G63)*24) | O63: =IF(ISBLANK(I63),"N/A",IF(((I63-H63)*24)>INDEX(Dim_ServiceType!$E$2:$E$16,MATCH(E63,Dim_ServiceType!$A$2:$A$16,0)),"Yes","No")) -> N/A | P63: =IF(ISBLANK(H63),"Open (Unassigned)",IF(ISBLANK(I63),"In Progress",IF(ISBLANK(J63),"Resolved (Pending Closure)","Closed"))) -> Open (Unassigned)
A64: 63 | B64: TCK-2025-00063 | C64: 11 | D64: 9 | E64: 10 | F64: 1 | G64: 45929.152 | H64: 45929.194 | I64: 45929.46 | J64: 45930.46 | K64: Mobile App | L64: =IF(ISBLANK(H64),"",(H64-G64)*24) -> 1 | M64: =IF(ISBLANK(I64),"",(I64-H64)*24) -> 6.4 | N64: =IF(ISBLANK(J64),"",(J64-G64)*24) -> 31.4 | O64: =IF(ISBLANK(I64),"N/A",IF(((I64-H64)*24)>INDEX(Dim_ServiceType!$E$2:$E$16,MATCH(E64,Dim_ServiceType!$A$2:$A$16,0)),"Yes","No")) -> Yes | P64: =IF(ISBLANK(H64),"Open (Unassigned)",IF(ISBLANK(I64),"In Progress",IF(ISBLANK(J64),"Resolved (Pending Closure)","Closed"))) -> Closed | Q64: 5 | R64: Yes
A65: 64 | B65: TCK-2025-00064 | C65: 6 | D65: 9 | E65: 10 | F65: 10 | G65: 45681.433 | H65: 45681.6 | I65: 45681.912 | J65: 45682.412 | K65: Mobile App | L65: =IF(ISBLANK(H65),"",(H65-G65)*24) -> 4 | M65: =IF(ISBLANK(I65),"",(I65-H65)*24) -> 7.5 | N65: =IF(ISBLANK(J65),"",(J65-G65)*24) -> 23.5 | O65: =IF(ISBLANK(I65),"N/A",IF(((I65-H65)*24)>INDEX(Dim_ServiceType!$E$2:$E$16,MATCH(E65,Dim_ServiceType!$A$2:$A$16,0)),"Yes","No")) -> Yes | P65: =IF(ISBLANK(H65),"Open (Unassigned)",IF(ISBLANK(I65),"In Progress",IF(ISBLANK(J65),"Resolved (Pending Closure)","Closed"))) -> Closed | Q65: 3 | R65: No
A66: 65 | B66: TCK-2025-00065 | C66: 5 | D66: 3 | E66: 12 | F66: 4 | G66: 45852.735 | H66: 45852.902 | I66: 45853.994 | J66: 45854.494 | K66: Social Media | L66: =IF(ISBLANK(H66),"",(H66-G66)*24) -> 4 | M66: =IF(ISBLANK(I66),"",(I66-H66)*24) -> 26.2 | N66: =IF(ISBLANK(J66),"",(J66-G66)*24) -> 42.2 | O66: =IF(ISBLANK(I66),"N/A",IF(((I66-H66)*24)>INDEX(Dim_ServiceType!$E$2:$E$16,MATCH(E66,Dim_ServiceType!$A$2:$A$16,0)),"Yes","No")) -> Yes | P66: =IF(ISBLANK(H66),"Open (Unassigned)",IF(ISBLANK(I66),"In Progress",IF(ISBLANK(J66),"Resolved (Pending Closure)","Closed"))) -> Closed | Q66: 4 | R66: No
A67: 66 | B67: TCK-2025-00066 | C67: 10 | D67: 9 | E67: 3 | F67: 14 | G67: 45672.855 | H67: 45673.605 | I67: 45673.959 | J67: 45673.98 | K67: Mobile App | L67: =IF(ISBLANK(H67),"",(H67-G67)*24) -> 18 | M67: =IF(ISBLANK(I67),"",(I67-H67)*24) -> 8.5 | N67: =IF(ISBLANK(J67),"",(J67-G67)*24) -> 27 | O67: =IF(ISBLANK(I67),"N/A",IF(((I67-H67)*24)>INDEX(Dim_ServiceType!$E$2:$E$16,MATCH(E67,Dim_ServiceType!$A$2:$A$16,0)),"Yes","No")) -> Yes | P67: =IF(ISBLANK(H67),"Open (Unassigned)",IF(ISBLANK(I67),"In Progress",IF(ISBLANK(J67),"Resolved (Pending Closure)","Closed"))) -> Closed | Q67: 4 | R67: No
A68: 67 | B68: TCK-2025-00067 | C68: 11 | D68: 14 | E68: 5 | F68: 14 | G68: 45786.411 | H68: 45786.536 | I68: 45786.998 | J68: 45787.082 | K68: Mobile App | L68: =IF(ISBLANK(H68),"",(H68-G68)*24) -> 3 | M68: =IF(ISBLANK(I68),"",(I68-H68)*24) -> 11.1 | N68: =IF(ISBLANK(J68),"",(J68-G68)*24) -> 16.1 | O68: =IF(ISBLANK(I68),"N/A",IF(((I68-H68)*24)>INDEX(Dim_ServiceType!$E$2:$E$16,MATCH(E68,Dim_ServiceType!$A$2:$A$16,0)),"Yes","No")) -> No | P68: =IF(ISBLANK(H68),"Open (Unassigned)",IF(ISBLANK(I68),"In Progress",IF(ISBLANK(J68),"Resolved (Pending Closure)","Closed"))) -> Closed | Q68: 4 | R68: No
A69: 68 | B69: TCK-2025-00068 | C69: 5 | D69: 9 | E69: 8 | F69: 8 | G69: 45853.178 | H69: 45853.303 | I69: 45853.415 | J69: 45853.915 | K69: Retail Store | L69: =IF(ISBLANK(H69),"",(H69-G69)*24) -> 3 | M69: =IF(ISBLANK(I69),"",(I69-H69)*24) -> 2.7 | N69: =IF(ISBLANK(J69),"",(J69-G69)*24) -> 17.7 | O69: =IF(ISBLANK(I69),"N/A",IF(((I69-H69)*24)>INDEX(Dim_ServiceType!$E$2:$E$16,MATCH(E69,Dim_ServiceType!$A$2:$A$16,0)),"Yes","No")) -> No | P69: =IF(ISBLANK(H69),"Open (Unassigned)",IF(ISBLANK(I69),"In Progress",IF(ISBLANK(J69),"Resolved (Pending Closure)","Closed"))) -> Closed | Q69: 4 | R69: No
A70: 69 | B70: TCK-2025-00069 | C70: 15 | D70: 3 | E70: 5 | F70: 5 | G70: 45940.775 | H70: 45940.817 | I70: 45941.455 | J70: 45941.496 | K70: Call Center | L70: =IF(ISBLANK(H70),"",(H70-G70)*24) -> 1 | M70: =IF(ISBLANK(I70),"",(I70-H70)*24) -> 15.3 | N70: =IF(ISBLANK(J70),"",(J70-G70)*24) -> 17.3 | O70: =IF(ISBLANK(I70),"N/A",IF(((I70-H70)*24)>INDEX(Dim_ServiceType!$E$2:$E$16,MATCH(E70,Dim_ServiceType!$A$2:$A$16,0)),"Yes","No")) -> Yes | P70: =IF(ISBLANK(H70),"Open (Unassigned)",IF(ISBLANK(I70),"In Progress",IF(ISBLANK(J70),"Resolved (Pending Closure)","Closed"))) -> Closed | Q70: 4 | R70: No
A71: 70 | B71: TCK-2025-00070 | C71: 2 | D71: 8 | E71: 1 | F71: 6 | G71: 45894.647 | H71: 45895.647 | I71: 45896.481 | J71: 45896.522 | K71: Mobile App | L71: =IF(ISBLANK(H71),"",(H71-G71)*24) -> 24 | M71: =IF(ISBLANK(I71),"",(I71-H71)*24) -> 20 | N71: =IF(ISBLANK(J71),"",(J71-G71)*24) -> 45 | O71: =IF(ISBLANK(I71),"N/A",IF(((I71-H71)*24)>INDEX(Dim_ServiceType!$E$2:$E$16,MATCH(E71,Dim_ServiceType!$A$2:$A$16,0)),"Yes","No")) -> Yes | P71: =IF(ISBLANK(H71),"Open (Unassigned)",IF(ISBLANK(I71),"In Progress",IF(ISBLANK(J71),"Resolved (Pending Closure)","Closed"))) -> Closed | Q71: 4 | R71: No
A72: 71 | B72: TCK-2025-00071 | C72: 10 | D72: 6 | E72: 11 | F72: 14 | G72: 45845.838 | H72: 45846.005 | I72: 45846.409 | J72: 45846.492 | K72: Retail Store | L72: =IF(ISBLANK(H72),"",(H72-G72)*24) -> 4 | M72: =IF(ISBLANK(I72),"",(I72-H72)*24) -> 9.7 | N72: =IF(ISBLANK(J72),"",(J72-G72)*24) -> 15.7 | O72: =IF(ISBLANK(I72),"N/A",IF(((I72-H72)*24)>INDEX(Dim_ServiceType!$E$2:$E$16,MATCH(E72,Dim_ServiceType!$A$2:$A$16,0)),"Yes","No")) -> No | P72: =IF(ISBLANK(H72),"Open (Unassigned)",IF(ISBLANK(I72),"In Progress",IF(ISBLANK(J72),"Resolved (Pending Closure)","Closed"))) -> Closed | Q72: 5 | R72: No
A73: 72 | B73: TCK-2025-00072 | C73: 1 | D73: 12 | E73: 3 | F73: 8 | G73: 45855.364 | H73: 45855.447 | I73: 45857.181 | J73: 45857.347 | K73: Retail Store | L73: =IF(ISBLANK(H73),"",(H73-G73)*24) -> 2 | M73: =IF(ISBLANK(I73),"",(I73-H73)*24) -> 41.6 | N73: =IF(ISBLANK(J73),"",(J73-G73)*24) -> 47.6 | O73: =IF(ISBLANK(I73),"N/A",IF(((I73-H73)*24)>INDEX(Dim_ServiceType!$E$2:$E$16,MATCH(E73,Dim_ServiceType!$A$2:$A$16,0)),"Yes","No")) -> Yes | P73: =IF(ISBLANK(H73),"Open (Unassigned)",IF(ISBLANK(I73),"In Progress",IF(ISBLANK(J73),"Resolved (Pending Closure)","Closed"))) -> Closed | Q73: 3 | R73: No
A74: 73 | B74: TCK-2025-00073 | C74: 1 | D74: 7 | E74: 6 | F74: 13 | G74: 45875.4 | H74: 45875.733 | I74: 45877.45 | J74: 45877.7 | K74: Website | L74: =IF(ISBLANK(H74),"",(H74-G74)*24) -> 8 | M74: =IF(ISBLANK(I74),"",(I74-H74)*24) -> 41.2 | N74: =IF(ISBLANK(J74),"",(J74-G74)*24) -> 55.2 | O74: =IF(ISBLANK(I74),"N/A",IF(((I74-H74)*24)>INDEX(Dim_ServiceType!$E$2:$E$16,MATCH(E74,Dim_ServiceType!$A$2:$A$16,0)),"Yes","No")) -> No | P74: =IF(ISBLANK(H74),"Open (Unassigned)",IF(ISBLANK(I74),"In Progress",IF(ISBLANK(J74),"Resolved (Pending Closure)","Closed"))) -> Closed | Q74: 3 | R74: No
A75: 74 | B75: TCK-2025-00074 | C75: 14 | D75: 7 | E75: 14 | F75: 8 | G75: 45678.755 | H75: 45679.005 | I75: 45679.188 | J75: 45680.188 | K75: Website | L75: =IF(ISBLANK(H75),"",(H75-G75)*24) -> 6 | M75: =IF(ISBLANK(I75),"",(I75-H75)*24) -> 4.4 | N75: =IF(ISBLANK(J75),"",(J75-G75)*24) -> 34.4 | O75: =IF(ISBLANK(I75),"N/A",IF(((I75-H75)*24)>INDEX(Dim_ServiceType!$E$2:$E$16,MATCH(E75,Dim_ServiceType!$A$2:$A$16,0)),"Yes","No")) -> No | P75: =IF(ISBLANK(H75),"Open (Unassigned)",IF(ISBLANK(I75),"In Progress",IF(ISBLANK(J75),"Resolved (Pending Closure)","Closed"))) -> Closed | Q75: 3 | R75: No
... A77: 76 | B77: TCK-2025-00076 | C77: 13 | D77: 3 | E77: 7 | F77: 3 | G77: 45933.162 | H77: 45933.912 | I77: 45934.937 | J77: 45935.104 | K77: Mobile App | L77: =IF(ISBLANK(H77),"",(H77-G77)*24) -> 18 | M77: =IF(ISBLANK(I77),"",(I77-H77)*24) -> 24.6 | N77: =IF(ISBLANK(J77),"",(J77-G77)*24) -> 46.6 | O77: =IF(ISBLANK(I77),"N/A",IF(((I77-H77)*24)>INDEX(Dim_ServiceType!$E$2:$E$16,MATCH(E77,Dim_ServiceType!$A$2:$A$16,0)),"Yes","No")) -> Yes | P77: =IF(ISBLANK(H77),"Open (Unassigned)",IF(ISBLANK(I77),"In Progress",IF(ISBLANK(J77),"Resolved (Pending Closure)","Closed"))) -> Closed | Q77: 2 | R77: No
A78: 77 | B78: TCK-2025-00077 | C78: 10 | D78: 5 | E78: 11 | F78: 10 | G78: 45922.865 | H78: 45923.198 | K78: Website | L78: =IF(ISBLANK(H78),"",(H78-G78)*24) -> 8 | M78: =IF(ISBLANK(I78),"",(I78-H78)*24) | N78: =IF(ISBLANK(J78),"",(J78-G78)*24) | O78: =IF(ISBLANK(I78),"N/A",IF(((I78-H78)*24)>INDEX(Dim_ServiceType!$E$2:$E$16,MATCH(E78,Dim_ServiceType!$A$2:$A$16,0)),"Yes","No")) -> N/A | P78: =IF(ISBLANK(H78),"Open (Unassigned)",IF(ISBLANK(I78),"In Progress",IF(ISBLANK(J78),"Resolved (Pending Closure)","Closed"))) -> In Progress
A79: 78 | B79: TCK-2025-00078 | C79: 14 | D79: 5 | E79: 11 | F79: 9 | G79: 45954.221 | H79: 45954.388 | I79: 45955.475 | J79: 45955.725 | K79: Mobile App | L79: =IF(ISBLANK(H79),"",(H79-G79)*24) -> 4 | M79: =IF(ISBLANK(I79),"",(I79-H79)*24) -> 26.1 | N79: =IF(ISBLANK(J79),"",(J79-G79)*24) -> 36.1 | O79: =IF(ISBLANK(I79),"N/A",IF(((I79-H79)*24)>INDEX(Dim_ServiceType!$E$2:$E$16,MATCH(E79,Dim_ServiceType!$A$2:$A$16,0)),"Yes","No")) -> Yes | P79: =IF(ISBLANK(H79),"Open (Unassigned)",IF(ISBLANK(I79),"In Progress",IF(ISBLANK(J79),"Resolved (Pending Closure)","Closed"))) -> Closed | Q79: 5 | R79: Yes
A80: 79 | B80: TCK-2025-00079 | C80: 2 | D80: 15 | E80: 2 | F80: 1 | G80: 45971.098 | H80: 45971.848 | I80: 45972.165 | J80: 45972.665 | K80: Retail Store | L80: =IF(ISBLANK(H80),"",(H80-G80)*24) -> 18 | M80: =IF(ISBLANK(I80),"",(I80-H80)*24) -> 7.6 | N80: =IF(ISBLANK(J80),"",(J80-G80)*24) -> 37.6 | O80: =IF(ISBLANK(I80),"N/A",IF(((I80-H80)*24)>INDEX(Dim_ServiceType!$E$2:$E$16,MATCH(E80,Dim_ServiceType!$A$2:$A$16,0)),"Yes","No")) -> Yes | P80: =IF(ISBLANK(H80),"Open (Unassigned)",IF(ISBLANK(I80),"In Progress",IF(ISBLANK(J80),"Resolved (Pending Closure)","Closed"))) -> Closed | Q80: 5 | R80: No
A81: 80 | B81: TCK-2025-00080 | C81: 15 | D81: 2 | E81: 3 | F81: 15 | G81: 45750.953 | H81: 45751.037 | K81: Call Center | L81: =IF(ISBLANK(H81),"",(H81-G81)*24) -> 2 | M81: =IF(ISBLANK(I81),"",(I81-H81)*24) | N81: =IF(ISBLANK(J81),"",(J81-G81)*24) | O81: =IF(ISBLANK(I81),"N/A",IF(((I81-H81)*24)>INDEX(Dim_ServiceType!$E$2:$E$16,MATCH(E81,Dim_ServiceType!$A$2:$A$16,0)),"Yes","No")) -> N/A | P81: =IF(ISBLANK(H81),"Open (Unassigned)",IF(ISBLANK(I81),"In Progress",IF(ISBLANK(J81),"Resolved (Pending Closure)","Closed"))) -> In Progress
A82: 81 | B82: TCK-2025-00081 | C82: 12 | D82: 5 | E82: 6 | F82: 13 | G82: 45997.575 | K82: Social Media | L82: =IF(ISBLANK(H82),"",(H82-G82)*24) | M82: =IF(ISBLANK(I82),"",(I82-H82)*24) | N82: =IF(ISBLANK(J82),"",(J82-G82)*24) | O82: =IF(ISBLANK(I82),"N/A",IF(((I82-H82)*24)>INDEX(Dim_ServiceType!$E$2:$E$16,MATCH(E82,Dim_ServiceType!$A$2:$A$16,0)),"Yes","No")) -> N/A | P82: =IF(ISBLANK(H82),"Open (Unassigned)",IF(ISBLANK(I82),"In Progress",IF(ISBLANK(J82),"Resolved (Pending Closure)","Closed"))) -> Open (Unassigned)
A83: 82 | B83: TCK-2025-00082 | C83: 14 | D83: 6 | E83: 13 | F83: 4 | G83: 45979.818 | H83: 45979.86 | I83: 45981.147 | J83: 45981.231 | K83: Website | L83: =IF(ISBLANK(H83),"",(H83-G83)*24) -> 1 | M83: =IF(ISBLANK(I83),"",(I83-H83)*24) -> 30.9 | N83: =IF(ISBLANK(J83),"",(J83-G83)*24) -> 33.9 | O83: =IF(ISBLANK(I83),"N/A",IF(((I83-H83)*24)>INDEX(Dim_ServiceType!$E$2:$E$16,MATCH(E83,Dim_ServiceType!$A$2:$A$16,0)),"Yes","No")) -> Yes | P83: =IF(ISBLANK(H83),"Open (Unassigned)",IF(ISBLANK(I83),"In Progress",IF(ISBLANK(J83),"Resolved (Pending Closure)","Closed"))) -> Closed | Q83: 5 | R83: Yes
A84: 83 | B84: TCK-2025-00083 | C84: 5 | D84: 15 | E84: 3 | F84: 4 | G84: 45796.956 | H84: 45797.206 | I84: 45797.427 | J84: 45797.927 | K84: Website | L84: =IF(ISBLANK(H84),"",(H84-G84)*24) -> 6 | M84: =IF(ISBLANK(I84),"",(I84-H84)*24) -> 5.3 | N84: =IF(ISBLANK(J84),"",(J84-G84)*24) -> 23.3 | O84: =IF(ISBLANK(I84),"N/A",IF(((I84-H84)*24)>INDEX(Dim_ServiceType!$E$2:$E$16,MATCH(E84,Dim_ServiceType!$A$2:$A$16,0)),"Yes","No")) -> No | P84: =IF(ISBLANK(H84),"Open (Unassigned)",IF(ISBLANK(I84),"In Progress",IF(ISBLANK(J84),"Resolved (Pending Closure)","Closed"))) -> Closed | Q84: 4 | R84: No
A85: 84 | B85: TCK-2025-00084 | C85: 14 | D85: 15 | E85: 9 | F85: 11 | G85: 45966.722 | H85: 45966.972 | I85: 45968.693 | J85: 45968.735 | K85: Retail Store | L85: =IF(ISBLANK(H85),"",(H85-G85)*24) -> 6 | M85: =IF(ISBLANK(I85),"",(I85-H85)*24) -> 41.3 | N85: =IF(ISBLANK(J85),"",(J85-G85)*24) -> 48.3 | O85: =IF(ISBLANK(I85),"N/A",IF(((I85-H85)*24)>INDEX(Dim_ServiceType!$E$2:$E$16,MATCH(E85,Dim_ServiceType!$A$2:$A$16,0)),"Yes","No")) -> No | P85: =IF(ISBLANK(H85),"Open (Unassigned)",IF(ISBLANK(I85),"In Progress",IF(ISBLANK(J85),"Resolved (Pending Closure)","Closed"))) -> Closed | Q85: 5 | R85: Yes
A86: 85 | B86: TCK-2025-00085 | C86: 13 | D86: 13 | E86: 6 | F86: 1 | G86: 45990.353 | H86: 45990.394 | I86: 45991.419 | J86: 45992.419 | K86: Website | L86: =IF(ISBLANK(H86),"",(H86-G86)*24) -> 1 | M86: =IF(ISBLANK(I86),"",(I86-H86)*24) -> 24.6 | N86: =IF(ISBLANK(J86),"",(J86-G86)*24) -> 49.6 | O86: =IF(ISBLANK(I86),"N/A",IF(((I86-H86)*24)>INDEX(Dim_ServiceType!$E$2:$E$16,MATCH(E86,Dim_ServiceType!$A$2:$A$16,0)),"Yes","No")) -> No | P86: =IF(ISBLANK(H86),"Open (Unassigned)",IF(ISBLANK(I86),"In Progress",IF(ISBLANK(J86),"Resolved (Pending Closure)","Closed"))) -> Closed | Q86: 3 | R86: No
A87: 86 | B87: TCK-2025-00086 | C87: 3 | D87: 14 | E87: 15 | F87: 11 | G87: 45964.778 | H87: 45964.861 | I87: 45965.99 | J87: 45966.24 | K87: Mobile App | L87: =IF(ISBLANK(H87),"",(H87-G87)*24) -> 2 | M87: =IF(ISBLANK(I87),"",(I87-H87)*24) -> 27.1 | N87: =IF(ISBLANK(J87),"",(J87-G87)*24) -> 35.1 | O87: =IF(ISBLANK(I87),"N/A",IF(((I87-H87)*24)>INDEX(Dim_ServiceType!$E$2:$E$16,MATCH(E87,Dim_ServiceType!$A$2:$A$16,0)),"Yes","No")) -> Yes | P87: =IF(ISBLANK(H87),"Open (Unassigned)",IF(ISBLANK(I87),"In Progress",IF(ISBLANK(J87),"Resolved (Pending Closure)","Closed"))) -> Closed | Q87: 5 | R87: No
A88: 87 | B88: TCK-2025-00087 | C88: 12 | D88: 11 | E88: 4 | F88: 12 | G88: 45658.123 | H88: 45658.144 | I88: 45658.565 | J88: 45658.815 | K88: Retail Store | L88: =IF(ISBLANK(H88),"",(H88-G88)*24) -> 0.5 | M88: =IF(ISBLANK(I88),"",(I88-H88)*24) -> 10.1 | N88: =IF(ISBLANK(J88),"",(J88-G88)*24) -> 16.6 | O88: =IF(ISBLANK(I88),"N/A",IF(((I88-H88)*24)>INDEX(Dim_ServiceType!$E$2:$E$16,MATCH(E88,Dim_ServiceType!$A$2:$A$16,0)),"Yes","No")) -> No | P88: =IF(ISBLANK(H88),"Open (Unassigned)",IF(ISBLANK(I88),"In Progress",IF(ISBLANK(J88),"Resolved (Pending Closure)","Closed"))) -> Closed | Q88: 5 | R88: No
A89: 88 | B89: TCK-2025-00088 | C89: 13 | D89: 10 | E89: 6 | F89: 12 | G89: 45857.612 | H89: 45858.362 | I89: 45860.9 | J89: 45861.067 | K89: Retail Store | L89: =IF(ISBLANK(H89),"",(H89-G89)*24) -> 18 | M89: =IF(ISBLANK(I89),"",(I89-H89)*24) -> 60.9 | N89: =IF(ISBLANK(J89),"",(J89-G89)*24) -> 82.9 | O89: =IF(ISBLANK(I89),"N/A",IF(((I89-H89)*24)>INDEX(Dim_ServiceType!$E$2:$E$16,MATCH(E89,Dim_ServiceType!$A$2:$A$16,0)),"Yes","No")) -> Yes | P89: =IF(ISBLANK(H89),"Open (Unassigned)",IF(ISBLANK(I89),"In Progress",IF(ISBLANK(J89),"Resolved (Pending Closure)","Closed"))) -> Closed | Q89: 3 | R89: No
A90: 89 | B90: TCK-2025-00089 | C90: 7 | D90: 5 | E90: 10 | F90: 14 | G90: 45980.356 | H90: 45980.377 | I90: 45980.698 | J90: 45981.698 | K90: Retail Store | L90: =IF(ISBLANK(H90),"",(H90-G90)*24) -> 0.5 | M90: =IF(ISBLANK(I90),"",(I90-H90)*24) -> 7.7 | N90: =IF(ISBLANK(J90),"",(J90-G90)*24) -> 32.2 | O90: =IF(ISBLANK(I90),"N/A",IF(((I90-H90)*24)>INDEX(Dim_ServiceType!$E$2:$E$16,MATCH(E90,Dim_ServiceType!$A$2:$A$16,0)),"Yes","No")) -> Yes | P90: =IF(ISBLANK(H90),"Open (Unassigned)",IF(ISBLANK(I90),"In Progress",IF(ISBLANK(J90),"Resolved (Pending Closure)","Closed"))) -> Closed | Q90: 3 | R90: No
A91: 90 | B91: TCK-2025-00090 | C91: 2 | D91: 13 | E91: 14 | F91: 14 | G91: 45985.226 | H91: 45985.559 | I91: 45985.893 | J91: 45986.893 | K91: Website | L91: =IF(ISBLANK(H91),"",(H91-G91)*24) -> 8 | M91: =IF(ISBLANK(I91),"",(I91-H91)*24) -> 8 | N91: =IF(ISBLANK(J91),"",(J91-G91)*24) -> 40 | O91: =IF(ISBLANK(I91),"N/A",IF(((I91-H91)*24)>INDEX(Dim_ServiceType!$E$2:$E$16,MATCH(E91,Dim_ServiceType!$A$2:$A$16,0)),"Yes","No")) -> No | P91: =IF(ISBLANK(H91),"Open (Unassigned)",IF(ISBLANK(I91),"In Progress",IF(ISBLANK(J91),"Resolved (Pending Closure)","Closed"))) -> Closed | Q91: 4 | R91: No
A92: 91 | B92: TCK-2025-00091 | C92: 10 | D92: 3 | E92: 15 | F92: 10 | G92: 45762.826 | H92: 45762.91 | I92: 45764.106 | J92: 45764.126 | K92: Retail Store | L92: =IF(ISBLANK(H92),"",(H92-G92)*24) -> 2 | M92: =IF(ISBLANK(I92),"",(I92-H92)*24) -> 28.7 | N92: =IF(ISBLANK(J92),"",(J92-G92)*24) -> 31.2 | O92: =IF(ISBLANK(I92),"N/A",IF(((I92-H92)*24)>INDEX(Dim_ServiceType!$E$2:$E$16,MATCH(E92,Dim_ServiceType!$A$2:$A$16,0)),"Yes","No")) -> Yes | P92: =IF(ISBLANK(H92),"Open (Unassigned)",IF(ISBLANK(I92),"In Progress",IF(ISBLANK(J92),"Resolved (Pending Closure)","Closed"))) -> Closed | Q92: 3 | R92: No
A93: 92 | B93: TCK-2025-00092 | C93: 2 | D93: 13 | E93: 4 | F93: 7 | G93: 45981.654 | H93: 45981.779 | I93: 45982.488 | J93: 45982.571 | K93: Mobile App | L93: =IF(ISBLANK(H93),"",(H93-G93)*24) -> 3 | M93: =IF(ISBLANK(I93),"",(I93-H93)*24) -> 17 | N93: =IF(ISBLANK(J93),"",(J93-G93)*24) -> 22 | O93: =IF(ISBLANK(I93),"N/A",IF(((I93-H93)*24)>INDEX(Dim_ServiceType!$E$2:$E$16,MATCH(E93,Dim_ServiceType!$A$2:$A$16,0)),"Yes","No")) -> No | P93: =IF(ISBLANK(H93),"Open (Unassigned)",IF(ISBLANK(I93),"In Progress",IF(ISBLANK(J93),"Resolved (Pending Closure)","Closed"))) -> Closed | Q93: 4 | R93: No
A94: 93 | B94: TCK-2025-00093 | C94: 9 | D94: 10 | E94: 6 | F94: 7 | G94: 45755.887 | H94: 45756.053 | I94: 45758.337 | J94: 45759.337 | K94: Call Center | L94: =IF(ISBLANK(H94),"",(H94-G94)*24) -> 4 | M94: =IF(ISBLANK(I94),"",(I94-H94)*24) -> 54.8 | N94: =IF(ISBLANK(J94),"",(J94-G94)*24) -> 82.8 | O94: =IF(ISBLANK(I94),"N/A",IF(((I94-H94)*24)>INDEX(Dim_ServiceType!$E$2:$E$16,MATCH(E94,Dim_ServiceType!$A$2:$A$16,0)),"Yes","No")) -> Yes | P94: =IF(ISBLANK(H94),"Open (Unassigned)",IF(ISBLANK(I94),"In Progress",IF(ISBLANK(J94),"Resolved (Pending Closure)","Closed"))) -> Closed | Q94: 3 | R94: No
A95: 94 | B95: TCK-2025-00094 | C95: 15 | D95: 8 | E95: 10 | F95: 1 | G95: 45667.877 | H95: 45668.002 | I95: 45668.189 | J95: 45668.689 | K95: Retail Store | L95: =IF(ISBLANK(H95),"",(H95-G95)*24) -> 3 | M95: =IF(ISBLANK(I95),"",(I95-H95)*24) -> 4.5 | N95: =IF(ISBLANK(J95),"",(J95-G95)*24) -> 19.5 | O95: =IF(ISBLANK(I95),"N/A",IF(((I95-H95)*24)>INDEX(Dim_ServiceType!$E$2:$E$16,MATCH(E95,Dim_ServiceType!$A$2:$A$16,0)),"Yes","No")) -> No | P95: =IF(ISBLANK(H95),"Open (Unassigned)",IF(ISBLANK(I95),"In Progress",IF(ISBLANK(J95),"Resolved (Pending Closure)","Closed"))) -> Closed | Q95: 5 | R95: No
A96: 95 | B96: TCK-2025-00095 | C96: 1 | D96: 5 | E96: 14 | F96: 13 | G96: 46006.387 | K96: Website | L96: =IF(ISBLANK(H96),"",(H96-G96)*24) | M96: =IF(ISBLANK(I96),"",(I96-H96)*24) | N96: =IF(ISBLANK(J96),"",(J96-G96)*24) | O96: =IF(ISBLANK(I96),"N/A",IF(((I96-H96)*24)>INDEX(Dim_ServiceType!$E$2:$E$16,MATCH(E96,Dim_ServiceType!$A$2:$A$16,0)),"Yes","No")) -> N/A | P96: =IF(ISBLANK(H96),"Open (Unassigned)",IF(ISBLANK(I96),"In Progress",IF(ISBLANK(J96),"Resolved (Pending Closure)","Closed"))) -> Open (Unassigned)
A97: 96 | B97: TCK-2025-00096 | C97: 8 | D97: 2 | E97: 11 | F97: 10 | G97: 45996.424 | H97: 45996.674 | I97: 45997.036 | J97: 45997.286 | K97: Mobile App | L97: =IF(ISBLANK(H97),"",(H97-G97)*24) -> 6 | M97: =IF(ISBLANK(I97),"",(I97-H97)*24) -> 8.7 | N97: =IF(ISBLANK(J97),"",(J97-G97)*24) -> 20.7 | O97: =IF(ISBLANK(I97),"N/A",IF(((I97-H97)*24)>INDEX(Dim_ServiceType!$E$2:$E$16,MATCH(E97,Dim_ServiceType!$A$2:$A$16,0)),"Yes","No")) -> No | P97: =IF(ISBLANK(H97),"Open (Unassigned)",IF(ISBLANK(I97),"In Progress",IF(ISBLANK(J97),"Resolved (Pending Closure)","Closed"))) -> Closed | Q97: 4 | R97: Yes
A98: 97 | B98: TCK-2025-00097 | C98: 3 | D98: 14 | E98: 1 | F98: 3 | G98: 45849.741 | H98: 45850.741 | I98: 45850.862 | J98: 45850.945 | K98: Retail Store | L98: =IF(ISBLANK(H98),"",(H98-G98)*24) -> 24 | M98: =IF(ISBLANK(I98),"",(I98-H98)*24) -> 2.9 | N98: =IF(ISBLANK(J98),"",(J98-G98)*24) -> 28.9 | O98: =IF(ISBLANK(I98),"N/A",IF(((I98-H98)*24)>INDEX(Dim_ServiceType!$E$2:$E$16,MATCH(E98,Dim_ServiceType!$A$2:$A$16,0)),"Yes","No")) -> No | P98: =IF(ISBLANK(H98),"Open (Unassigned)",IF(ISBLANK(I98),"In Progress",IF(ISBLANK(J98),"Resolved (Pending Closure)","Closed"))) -> Closed | Q98: 4 | R98: No
A99: 98 | B99: TCK-2025-00098 | C99: 13 | D99: 1 | E99: 4 | F99: 13 | G99: 45864.998 | H99: 45865.165 | I99: 45865.99 | J99: 45866.011 | K99: Call Center | L99: =IF(ISBLANK(H99),"",(H99-G99)*24) -> 4 | M99: =IF(ISBLANK(I99),"",(I99-H99)*24) -> 19.8 | N99: =IF(ISBLANK(J99),"",(J99-G99)*24) -> 24.3 | O99: =IF(ISBLANK(I99),"N/A",IF(((I99-H99)*24)>INDEX(Dim_ServiceType!$E$2:$E$16,MATCH(E99,Dim_ServiceType!$A$2:$A$16,0)),"Yes","No")) -> No | P99: =IF(ISBLANK(H99),"Open (Unassigned)",IF(ISBLANK(I99),"In Progress",IF(ISBLANK(J99),"Resolved (Pending Closure)","Closed"))) -> Closed | Q99: 1 | R99: No
A100: 99 | B100: TCK-2025-00099 | C100: 3 | D100: 2 | E100: 4 | F100: 3 | G100: 45984.307 | H100: 45984.39 | K100: Website | L100: =IF(ISBLANK(H100),"",(H100-G100)*24) -> 2 | M100: =IF(ISBLANK(I100),"",(I100-H100)*24) | N100: =IF(ISBLANK(J100),"",(J100-G100)*24) | O100: =IF(ISBLANK(I100),"N/A",IF(((I100-H100)*24)>INDEX(Dim_ServiceType!$E$2:$E$16,MATCH(E100,Dim_ServiceType!$A$2:$A$16,0)),"Yes","No")) -> N/A | P100: =IF(ISBLANK(H100),"Open (Unassigned)",IF(ISBLANK(I100),"In Progress",IF(ISBLANK(J100),"Resolved (Pending Closure)","Closed"))) -> In Progress
A101: 100 | B101: TCK-2025-00100 | C101: 8 | D101: 7 | E101: 15 | F101: 13 | G101: 45814.96 | H101: 45815.127 | K101: Mobile App | L101: =IF(ISBLANK(H101),"",(H101-G101)*24) -> 4 | M101: =IF(ISBLANK(I101),"",(I101-H101)*24) | N101: =IF(ISBLANK(J101),"",(J101-G101)*24) | O101: =IF(ISBLANK(I101),"N/A",IF(((I101-H101)*24)>INDEX(Dim_ServiceType!$E$2:$E$16,MATCH(E101,Dim_ServiceType!$A$2:$A$16,0)),"Yes","No")) -> N/A | P101: =IF(ISBLANK(H101),"Open (Unassigned)",IF(ISBLANK(I101),"In Progress",IF(ISBLANK(J101),"Resolved (Pending Closure)","Closed"))) -> In Progress
A102: 101 | B102: TCK-2025-00101 | C102: 4 | D102: 12 | E102: 4 | F102: 8 | G102: 45955.234 | H102: 45955.984 | I102: 45956.621 | J102: 45956.704 | K102: Mobile App | L102: =IF(ISBLANK(H102),"",(H102-G102)*24) -> 18 | M102: =IF(ISBLANK(I102),"",(I102-H102)*24) -> 15.3 | N102: =IF(ISBLANK(J102),"",(J102-G102)*24) -> 35.3 | O102: =IF(ISBLANK(I102),"N/A",IF(((I102-H102)*24)>INDEX(Dim_ServiceType!$E$2:$E$16,MATCH(E102,Dim_ServiceType!$A$2:$A$16,0)),"Yes","No")) -> No | P102: =IF(ISBLANK(H102),"Open (Unassigned)",IF(ISBLANK(I102),"In Progress",IF(ISBLANK(J102),"Resolved (Pending Closure)","Closed"))) -> Closed | Q102: 4 | R102: No
A103: 102 | B103: TCK-2025-00102 | C103: 2 | D103: 8 | E103: 3 | F103: 8 | G103: 45723.605 | H103: 45724.605 | I103: 45724.897 | J103: 45725.147 | K103: Retail Store | L103: =IF(ISBLANK(H103),"",(H103-G103)*24) -> 24 | M103: =IF(ISBLANK(I103),"",(I103-H103)*24) -> 7 | N103: =IF(ISBLANK(J103),"",(J103-G103)*24) -> 37 | O103: =IF(ISBLANK(I103),"N/A",IF(((I103-H103)*24)>INDEX(Dim_ServiceType!$E$2:$E$16,MATCH(E103,Dim_ServiceType!$A$2:$A$16,0)),"Yes","No")) -> No | P103: =IF(ISBLANK(H103),"Open (Unassigned)",IF(ISBLANK(I103),"In Progress",IF(ISBLANK(J103),"Resolved (Pending Closure)","Closed"))) -> Closed | Q103: 4 | R103: No
A104: 103 | B104: TCK-2025-00103 | C104: 4 | D104: 7 | E104: 11 | F104: 7 | G104: 45727.289 | H104: 45727.33 | I104: 45727.847 | J104: 45728.014 | K104: Website | L104: =IF(ISBLANK(H104),"",(H104-G104)*24) -> 1 | M104: =IF(ISBLANK(I104),"",(I104-H104)*24) -> 12.4 | N104: =IF(ISBLANK(J104),"",(J104-G104)*24) -> 17.4 | O104: =IF(ISBLANK(I104),"N/A",IF(((I104-H104)*24)>INDEX(Dim_ServiceType!$E$2:$E$16,MATCH(E104,Dim_ServiceType!$A$2:$A$16,0)),"Yes","No")) -> Yes | P104: =IF(ISBLANK(H104),"Open (Unassigned)",IF(ISBLANK(I104),"In Progress",IF(ISBLANK(J104),"Resolved (Pending Closure)","Closed"))) -> Closed | Q104: 4 | R104: No
A105: 104 | B105: TCK-2025-00104 | C105: 8 | D105: 2 | E105: 9 | F105: 15 | G105: 45932.745 | H105: 45932.766 | I105: 45934.849 | J105: 45934.891 | K105: Call Center | L105: =IF(ISBLANK(H105),"",(H105-G105)*24) -> 0.5 | M105: =IF(ISBLANK(I105),"",(I105-H105)*24) -> 50 | N105: =IF(ISBLANK(J105),"",(J105-G105)*24) -> 51.5 | O105: =IF(ISBLANK(I105),"N/A",IF(((I105-H105)*24)>INDEX(Dim_ServiceType!$E$2:$E$16,MATCH(E105,Dim_ServiceType!$A$2:$A$16,0)),"Yes","No")) -> No | P105: =IF(ISBLANK(H105),"Open (Unassigned)",IF(ISBLANK(I105),"In Progress",IF(ISBLANK(J105),"Resolved (Pending Closure)","Closed"))) -> Closed | Q105: 2 | R105: No
A106: 105 | B106: TCK-2025-00105 | C106: 11 | D106: 12 | E106: 5 | F106: 6 | G106: 45735 | H106: 45735.5 | I106: 45735.77 | J106: 45735.937 | K106: Social Media | L106: =IF(ISBLANK(H106),"",(H106-G106)*24) -> 12 | M106: =IF(ISBLANK(I106),"",(I106-H106)*24) -> 6.5 | N106: =IF(ISBLANK(J106),"",(J106-G106)*24) -> 22.5 | O106: =IF(ISBLANK(I106),"N/A",IF(((I106-H106)*24)>INDEX(Dim_ServiceType!$E$2:$E$16,MATCH(E106,Dim_ServiceType!$A$2:$A$16,0)),"Yes","No")) -> No | P106: =IF(ISBLANK(H106),"Open (Unassigned)",IF(ISBLANK(I106),"In Progress",IF(ISBLANK(J106),"Resolved (Pending Closure)","Closed"))) -> Closed | Q106: 5 | R106: No
A107: 106 | B107: TCK-2025-00106 | C107: 15 | D107: 14 | E107: 14 | F107: 1 | G107: 45917.414 | H107: 45917.498 | I107: 45917.756 | J107: 45917.923 | K107: Social Media | L107: =IF(ISBLANK(H107),"",(H107-G107)*24) -> 2 | M107: =IF(ISBLANK(I107),"",(I107-H107)*24) -> 6.2 | N107: =IF(ISBLANK(J107),"",(J107-G107)*24) -> 12.2 | O107: =IF(ISBLANK(I107),"N/A",IF(((I107-H107)*24)>INDEX(Dim_ServiceType!$E$2:$E$16,MATCH(E107,Dim_ServiceType!$A$2:$A$16,0)),"Yes","No")) -> No | P107: =IF(ISBLANK(H107),"Open (Unassigned)",IF(ISBLANK(I107),"In Progress",IF(ISBLANK(J107),"Resolved (Pending Closure)","Closed"))) -> Closed | Q107: 4 | R107: No
A108: 107 | B108: TCK-2025-00107 | C108: 12 | D108: 10 | E108: 14 | F108: 3 | G108: 45732.365 | H108: 45732.698 | I108: 45733.761 | J108: 45734.261 | K108: Retail Store | L108: =IF(ISBLANK(H108),"",(H108-G108)*24) -> 8 | M108: =IF(ISBLANK(I108),"",(I108-H108)*24) -> 25.5 | N108: =IF(ISBLANK(J108),"",(J108-G108)*24) -> 45.5 | O108: =IF(ISBLANK(I108),"N/A",IF(((I108-H108)*24)>INDEX(Dim_ServiceType!$E$2:$E$16,MATCH(E108,Dim_ServiceType!$A$2:$A$16,0)),"Yes","No")) -> Yes | P108: =IF(ISBLANK(H108),"Open (Unassigned)",IF(ISBLANK(I108),"In Progress",IF(ISBLANK(J108),"Resolved (Pending Closure)","Closed"))) -> Closed | Q108: 5 | R108: No
A109: 108 | B109: TCK-2025-00108 | C109: 14 | D109: 6 | E109: 5 | F109: 5 | G109: 45894.826 | H109: 45895.826 | K109: Social Media | L109: =IF(ISBLANK(H109),"",(H109-G109)*24) -> 24 | M109: =IF(ISBLANK(I109),"",(I109-H109)*24) | N109: =IF(ISBLANK(J109),"",(J109-G109)*24) | O109: =IF(ISBLANK(I109),"N/A",IF(((I109-H109)*24)>INDEX(Dim_ServiceType!$E$2:$E$16,MATCH(E109,Dim_ServiceType!$A$2:$A$16,0)),"Yes","No")) -> N/A | P109: =IF(ISBLANK(H109),"Open (Unassigned)",IF(ISBLANK(I109),"In Progress",IF(ISBLANK(J109),"Resolved (Pending Closure)","Closed"))) -> In Progress
A110: 109 | B110: TCK-2025-00109 | C110: 10 | D110: 9 | E110: 2 | F110: 14 | G110: 45836.526 | H110: 45836.776 | I110: 45836.901 | J110: 45837.401 | K110: Social Media | L110: =IF(ISBLANK(H110),"",(H110-G110)*24) -> 6 | M110: =IF(ISBLANK(I110),"",(I110-H110)*24) -> 3 | N110: =IF(ISBLANK(J110),"",(J110-G110)*24) -> 21 | O110: =IF(ISBLANK(I110),"N/A",IF(((I110-H110)*24)>INDEX(Dim_ServiceType!$E$2:$E$16,MATCH(E110,Dim_ServiceType!$A$2:$A$16,0)),"Yes","No")) -> No | P110: =IF(ISBLANK(H110),"Open (Unassigned)",IF(ISBLANK(I110),"In Progress",IF(ISBLANK(J110),"Resolved (Pending Closure)","Closed"))) -> Closed | Q110: 5 | R110: No
A111: 110 | B111: TCK-2025-00110 | C111: 11 | D111: 11 | E111: 6 | F111: 11 | G111: 45758.226 | H111: 45758.247 | I111: 45759.005 | J111: 45759.047 | K111: Retail Store | L111: =IF(ISBLANK(H111),"",(H111-G111)*24) -> 0.5 | M111: =IF(ISBLANK(I111),"",(I111-H111)*24) -> 18.2 | N111: =IF(ISBLANK(J111),"",(J111-G111)*24) -> 19.7 | O111: =IF(ISBLANK(I111),"N/A",IF(((I111-H111)*24)>INDEX(Dim_ServiceType!$E$2:$E$16,MATCH(E111,Dim_ServiceType!$A$2:$A$16,0)),"Yes","No")) -> No | P111: =IF(ISBLANK(H111),"Open (Unassigned)",IF(ISBLANK(I111),"In Progress",IF(ISBLANK(J111),"Resolved (Pending Closure)","Closed"))) -> Closed | Q111: 4 | R111: No
A112: 111 | B112: TCK-2025-00111 | C112: 8 | D112: 10 | E112: 13 | F112: 5 | G112: 45810.466 | H112: 45810.486 | I112: 45811.27 | J112: 45811.311 | K112: Call Center | L112: =IF(ISBLANK(H112),"",(H112-G112)*24) -> 0.5 | M112: =IF(ISBLANK(I112),"",(I112-H112)*24) -> 18.8 | N112: =IF(ISBLANK(J112),"",(J112-G112)*24) -> 20.3 | O112: =IF(ISBLANK(I112),"N/A",IF(((I112-H112)*24)>INDEX(Dim_ServiceType!$E$2:$E$16,MATCH(E112,Dim_ServiceType!$A$2:$A$16,0)),"Yes","No")) -> No | P112: =IF(ISBLANK(H112),"Open (Unassigned)",IF(ISBLANK(I112),"In Progress",IF(ISBLANK(J112),"Resolved (Pending Closure)","Closed"))) -> Closed | Q112: 5 | R112: No
A113: 112 | B113: TCK-2025-00112 | C113: 14 | D113: 5 | E113: 6 | F113: 5 | G113: 45815.466 | H113: 45815.507 | I113: 45817.22 | J113: 45817.72 | K113: Mobile App | L113: =IF(ISBLANK(H113),"",(H113-G113)*24) -> 1 | M113: =IF(ISBLANK(I113),"",(I113-H113)*24) -> 41.1 | N113: =IF(ISBLANK(J113),"",(J113-G113)*24) -> 54.1 | O113: =IF(ISBLANK(I113),"N/A",IF(((I113-H113)*24)>INDEX(Dim_ServiceType!$E$2:$E$16,MATCH(E113,Dim_ServiceType!$A$2:$A$16,0)),"Yes","No")) -> No | P113: =IF(ISBLANK(H113),"Open (Unassigned)",IF(ISBLANK(I113),"In Progress",IF(ISBLANK(J113),"Resolved (Pending Closure)","Closed"))) -> Closed | Q113: 3 | R113: No
A114: 113 | B114: TCK-2025-00113 | C114: 9 | D114: 10 | E114: 12 | F114: 6 | G114: 45731.132 | H114: 45732.132 | I114: 45733.286 | J114: 45733.328 | K114: Retail Store | L114: =IF(ISBLANK(H114),"",(H114-G114)*24) -> 24 | M114: =IF(ISBLANK(I114),"",(I114-H114)*24) -> 27.7 | N114: =IF(ISBLANK(J114),"",(J114-G114)*24) -> 52.7 | O114: =IF(ISBLANK(I114),"N/A",IF(((I114-H114)*24)>INDEX(Dim_ServiceType!$E$2:$E$16,MATCH(E114,Dim_ServiceType!$A$2:$A$16,0)),"Yes","No")) -> Yes | P114: =IF(ISBLANK(H114),"Open (Unassigned)",IF(ISBLANK(I114),"In Progress",IF(ISBLANK(J114),"Resolved (Pending Closure)","Closed"))) -> Closed | Q114: 1 | R114: No
...
